20190522222157491,http://kenh14.vn//chuyen-ho-so-truy-to-ong-nguyen-huu-linh-sang-toa-an-quan-4-20190522222157491.chn,"Chính thức truy tố ông Nguyễn Hữu Linh tội dâm ô trẻ em, khung hình phạt cao nhất 3 năm tù",2019-05-22T22:38:00,"VKS quận 4, TP.HCM đã chuyển hồ sơ truy tố ông Nguyễn Hữu Linh (SN 1958, ngụ TP.Đà Nẵng, cựu Phó Viện trưởng VKSND TP.Đà Nẵng) về tội Dâm ô đối với người dưới 16 tuổi sang toà án quận 4.","Hiện phía toà án đã vào sổ thụ lý và trình chánh án hồ sơ vụ án để chánh án phân công thẩm phán giải quyết theo quy định. Bộ luật Hình sự năm 2015 sửa đổi, bổ sung năm 2017 quy định về tội Dâm ô đối với người dưới 16 tuổi như sau: Chân dung ông Nguyễn Hữu Linh.Trước đó, ngày 21/4, Công an quận 4, TPHCM cũng đã khởi tố vụ án, khởi tố bị can với ông Linh. Tuy nhiên, ông Linh được phía cơ quan điều tra cho tại ngoại và cấm rời khỏi nơi cư trú.Ông Nguyễn Hữu Linh là người trong clip có hành động sàm sỡ bé gái trong thang máyChiều 2/4, mạng xã hội xuất hiện đoạn clip dài gần 1 phút ghi lại cảnh bé gái bị người đàn ông trung niên lao vào ôm hôn trong thang máy chung cư. Trong clip, người đàn ông đã tiếp cận rồi cưỡng hôn và có những hành động thân mật thái quá với bé gái.Clip sau khi được đăng tải đã khiến dư luận vô cùng bức xúc. Khi vào cuộc điều tra, Công an quận 4 đã xác định được người trong clip là Nguyễn Hữu Linh. Ông Linh khai nhận có uống bia và ôm hôn bé gái 2 lần, ôm bé gái từ phía sau vì thấy bé gái dễ thương chứ không có ý định xâm hại.Sau đó, đại diện gia đình cháu bé đề nghị công an không tiếp tục điều tra xử lý đương sự vì sự việc không nghiêm trọng, không gây tổn hại cho cháu."
20190520220923147,http://kenh14.vn//chinh-thuc-phim-vo-ba-dung-chieu-tren-tat-ca-cum-rap-viet-nam-20190520220923147.chn,Chính thức: Phim Vợ Ba dừng chiếu trên tất cả cụm rạp Việt Nam,2019-05-20T22:18:00,"Tính đến thời điểm 22h ngày 20/05/2019, Vợ Ba đã chính thức bị dừng chiếu tại toàn bộ các hệ thống rạp trên toàn quốc.",(Nguồn: Zing.vn)Vợ Ba tạo ra nhiều tranh cãi vì sử dụng diễn viên 13 tuổi cho nhiều cảnh nóng
20190521105934209,http://kenh14.vn//mac-ao-dai-trang-doi-mua-du-le-be-giang-dan-nu-sinh-ngoi-truong-nay-gay-thuong-nho-vi-qua-xinh-xan-20190521105934209.chn,"Mặc áo dài trắng đội mưa dự lễ bế giảng, dàn nữ sinh ngôi trường này gây thương nhớ vì quá xinh xắn",2019-05-21T10:59:00,"Con gái mặc áo dài là đỉnh nhất rồi đúng không, đặc biệt là áo dài trắng.","Sáng nay, một số trường THPT ở Hà Nội đã mở màn cho mùa bế giảng năm học 2018-2019. Sau những ngày nắng nóng đỉnh điểm, Hà Nội đã đổ mưa khiến cho lễ ra trường của các bạn học sinh lớp 12 không mấy thuận lợi. Một trong những trường có lễ bế giảng sáng nay chính là trường THPT Trần Nhân Tông. Mặc dù đội mưa gió, các nữ sinh lớp 12 vẫn chiếm spotlight bởi vẻ ngoài trong sáng, dễ thương của mình.Cô Vũ Thị Hậu, Hiệu trưởng trường THPT Trần Nhân Tông, Hà Nội cho biết: Như thường lệ, mỗi mùa khai giảng hay bế giảng, dãn nữ sinh mặc áo dài trắng luôn là tâm điểm chú ý, thu hút mọi ánh nhìn. Chẳng cần trang điểm cầu kỳ, chẳng cầu trưng diện, chỉ cần tà áo dài trắng đơn giản cũng đủ làm bao nam sinh phải say đắm, nhìn đắm đuối mãi không thôi.Góc nghiêng hoàn hảo của một cô nàng lớp 12Trong khi học sinh lớp 12 được mặc áo dài thì những cô nàng lớp 10, 11 vẫn diện đồng phục học sinhCô bạn có gương mặt thanh tú ngồi giữa là Yến Nhi, bên phải là Diễm My, học sinh trường THPT Trần Nhân Tông, Hà NộiAi ai cũng rạng rỡ trong tà áo dài trắngCùng nhau bên nhau giây phút cuối trước khia chia tay tuổi học trò đầy mộng mơNhững couple cùng trường như thế này rất đáng yêu phải không? Thời đi học mà có một mối tình thanh xuân thì còn gì bằngNụ cười rạng rỡ mùa chia tayThời tiết không thuận lợi nhưng không thể ngăn nổi sự nhí nhảnh, đáng yêu của các bạn học sinhNhững khoảnh khắc đẹp trong mùa bế giảng của trường THPT Trần Nhân Tông, Hà Nội"
20190522171034131,http://kenh14.vn//khac-biet-giua-ban-thiet-ke-va-doi-thuc-ngoc-trinh-that-the-den-2-lan-nhung-nhieu-nguoi-dep-lai-sieu-chuan-20190522171034131.chn,Khác biệt giữa bản thiết kế và đời thực: Ngọc Trinh “thất thế” đến 2 lần nhưng nhiều người đẹp lại siêu chuẩn,2019-05-22T21:30:56,Là “Nữ hoàng nội y” nổi tiếng dáng chuẩn nhưng Ngọc Trinh đã ít nhất 2 lần thất thế khi so sánh hình ảnh thực tế với bản thiết kế trên giấy.,"Mới đây, Ngọc Trinh gây xôn xao dư luận với bộ cánh ""mặc như không mặc"" mà cô diện đến LHP Cannes. Nhiều người ngay lập tức lên tiếng chỉ trích NTK Đỗ Long vì thiết kế quá đỗi táo bạo này, vậy nhưng NTK Việt cũng nhanh chóng đăng hình bản vẽ gốc để minh oan. Trong khi bản vẽ gốc khá tinh tế, sexy vừa đủ thì hình ảnh thật khi Ngọc Trinh khoác lên mình lại mang tính phô phang, gợi cảm quá đà.Sự khác biệt một trời một vực giữa bản vẽ trên giấy tinh tế và hình ảnh phô phang đời thực của Ngọc Trinh khi khoác lên mình sáng tạo của NTK Đỗ LongVậy mới thấy khoảng cách từ bản vẽ ban đầu đến thiết kế mà các người đẹp diện lên luôn có khoảng cách rất xa. Và không chỉ có Ngọc Trinh, nhiều sao Việt cũng có sự thay đổi kha khá khi so sánh hình ảnh thực tế với những hình ảnh chau chuốt trên trang giấy.Trong một sáng tạo khác của NTK Đỗ Long, vì chiều dài váy chưa phù hợp đã khiến Ngọc Trinh bị ""lùn một mẩu"" so với hình ảnh gốc ngọt ngàoLê Âu Ngân Anh cũng vừa tiết lộ về bộ váy bị tố đạo nhái và làm lộ nội y mà cô đã diện trong đêm chung kết Miss Intercontinental. Theo cô sự khác biệt lớn nhất nằm ở chất liệu và hiệu ứng màu sắc khác biệt từ bản vẽ cho đến thực tếTrong thiết kế trang phục dạ hội mà Nguyễn Thúc Thùy Tiên diện đến Miss International cũng có thể thấy rõ sự khác biệt giữa bản vẽ và thực tế. Trên thực tế, mẫu váy trông khá lùng bùng và khiến cô trông thấp bé chứ không thể thanh thoát, cao ráo như bản gốcTuy nhiên bên cạnh những màn ""dìm dáng"", cũng có không ít sao Việt chinh phục đẹp những thiết kế cầu kỳ, đẹp từ trang giấy ra đời thực.Từ bản thiết kế cho đến hình ảnh của H'Hen Niê trên sân khấu HH Hoàn Vũ Thế Giới đều không khác gì nhau. Bảo sao màn hất váy của cô đã trở thành huyền thoại và góp phần không nhỏ giúp cô nàng ghi tên vào Top 5 cuộc thi sắc đẹp danh giá nàyPhạm Hương tỏa sáng như một nàng công chúa từ trang giấy cho đến đời thực trong mẫu váy cầu kỳ của NTK Đỗ LongTuy chiều cao có phần hạn chế nhưng Hari Won lại khéo chọn giày nude giúp hack dáng đáng kể, khiến cô không bị quá chênh lệch với H'Hen Niê khi đọ dáng trong sáng tạo của NTK Đỗ LongBảo Thy hay Nhật Hà tuy không thể hoàn hảo 100% như bản vẽ của NTK trẻ Trần Ninh Hưng nhưng cũng không quá bị dìm dáng khi so với ảnh gốcNhã Phương và Tiểu Vy đều diện đẹp, khoe dáng chuẩn trong bộ cánh dạ hội cầu kỳ của NTK Lê Thanh Hòa"
20190522154644866,http://kenh14.vn//cac-cu-nong-dan-thi-nhau-debut-lam-youtube-phai-chang-kiem-tien-tren-do-de-nhu-choi-20190522154644866.chn,"Các cụ nông dân thi nhau ""debut"" làm YouTube, phải chăng kiếm tiền trên đó dễ như chơi?",2019-05-22T15:46:00,Trào lưu sôi nổi của các ông bà vùng quê cùng nhau làm YouTuber đã khiến rất nhiều người ngỡ ngàng và tò mò những ngày gần đây.,"Điều này vô tình đặt ra nhiều câu hỏi cho cư dân mạng, rằng phải chăng YouTube là mỏ vàng vớ bở cho bất cứ ai, hay kiếm tiền trên đó dễ đến nỗi đủ để các ông bà tuổi già vẫn đột nhiên sung sức trở lại nghe theo tiếng gọi đam mê làm giàu... Muốn biết độ khó dễ khi ""vượt ải"" YouTube cao tới đâu, có rất nhiều thứ chúng ta cần làm quen trước khi thực sự bước chân vào sân chơi này, từ đó tự tìm kiếm câu trả lời cho chính mình.Trước khi bắt tay làm YouTube, rất nhiều kiến thức cần được tìm hiểu một cách kỹ lưỡng.Theo giới chuyên gia, có  sẽ gây ảnh hưởng đáng kể tới lợi nhuận kiếm được từ YouTube của một kênh.Đây là 2 khái niệm cơ bản và phổ biến nhất cần hiểu rõ trước khi bắt tay vào làm YouTube một cách nghiêm túc. - CPM (Cost Per Mille): Giá tiền trả cho mỗi 1000 view khán giả xem quảng cáo đính kèm video. Những view này phải dài hơn 30 giây khi xem quảng cáo đó mới được tính, thường áp dụng cho loại quảng cáo hiện lên ngay đầu video.- CPC (Cost Per Click): Giá tiền trả theo mỗi lần khán giả thấy hấp dẫn đủ để xem và click vào quảng cáo tới trang gốc giới thiệu sản phẩm. Đây là hình thức có mặt lâu đời hơn CPM.Trên cùng một kênh, cả CPM và CPC có thể được áp dụng song song tùy video cũng như chủ đề hợp tác của YouTube và các thương hiệu, sau cùng sẽ tổng hợp lại để chia lợi nhuận cho chủ kênh. Mức CPM và CPC dao động khác nhau ở từng quốc gia, từng khu vực, từng chủ đề và nội dung liên quan tới video. Tùy từng khu vực, mức CPM và CPC sẽ dao động khác nhau, không nơi nào giống nơi nào.Hiện tại, Việt Nam không phải một nước được YouTube chọn và tối ưu hóa mức CPM/CPC cao, thậm chí thấp hơn cả chục lần so với nhiều quốc gia ""hot"" khác. Vì thế, một số YouTuber đã quyết tâm chuyển sang làm nội dung tiếng Anh, quốc tế để thu hút người xem nước ngoài, tăng lợi nhuận thu về cho kênh của mình.Nói một cách dễ hiểu, nếu bạn là một chủ kênh có quyền bật kiếm tiền, video của bạn sẽ được đính quảng cáo từ các thương hiệu hợp tác và ăn lợi nhuận tương ứng. Tuy nhiên, YouTube ở đây sẽ đóng vai trò trung gian, cung cấp mọi thứ cho bạn đăng video và cho thương hiệu kia tìm đến, vì thế họ sẽ ""ăn"" một phần giá trị thu được.45% tổng số tiền quảng cáo sẽ được YouTube giữ, còn lại 55% thuộc về túi tiền chủ kênh. Vì vậy, đừng vội mờ mắt vì những con số màu hồng được ai đó vẽ ra ở thời điểm mới học việc ban đầu, vì có thể họ chưa kịp trừ đi phân nửa số tiền phải chia cho YouTube mà thôi.Theo ước tính trung bình, sẽ có ít nhất 10% số subscriber của kênh luôn luôn trung thành và xem video chăm chỉ; 15% số subscriber thường xem đủ ít nhất 30 giây quảng cáo. Vì thế, tổng lượng sub càng lớn thì các con số chắc nịch này càng cao, giúp cho CPM/CPC hay rộng ra là ""lương cứng"" của chủ kênh nhận được từ YouTube cũng ổn định và ngon ăn hơn. Các YouTuber buộc phải sáng tạo không ngừng nghỉ nếu muốn xây dựng nền tảng subscriber vững mạnh.Không chỉ đính quảng cáo và nhận tiền hợp tác trực tiếp từ YouTube, vẫn còn nhiều cách để các YouTuber tự gây dựng nguồn thu nhập phụ cho chính bản thân mình, tối đa hóa lợi ích thu được từ kênh.- Bán hàng cá nhân: Nếu bạn có hơn 10.000 sub và cũng quản lý một cửa hàng kinh doanh khác bên ngoài liên quan đến chính nội dung làm video của mình, YouTube sẽ cho phép hiển thị trình mua bán hàng hóa lên kênh (cũng phải hợp lệ qua kiểm duyệt). Nói cách khác, đây đơn thuần là công cụ tạo điều kiện cho bạn tự quảng cáo thương hiệu của chính mình và tự kiếm thêm thu nhập, chứ YouTube không chủ động trả tiền cho bạn từ những sản phẩm này.- Hội viên/fan cứng của kênh: Khác với quảng cáo, tính năng kiếm tiền này chỉ được bật khi thỏa mãn được điều kiện có hơn 30.000 sub. Khi đó, khán giả có thể lựa chọn trả tiền để làm hội viên thân thiết của kênh, được hưởng thêm một số quyền lợi như huy hiệu cạnh tên tài khoản, comment có emoji riêng, một số ưu tiên về nội dung của kênh...- YouTube Premium: Cách thức này cũng là một đặc quyền dành cho khán giả, vì họ sẽ không bị làm phiền bởi bất kỳ quảng cáo nào, được phép tải video về xem offline nếu đã trả phí đăng ký gói Premium. Tuy nhiên, chủ kênh cần sống ở quốc gia được hỗ trợ (hiện chưa có Việt Nam) và được YouTube đánh giá hợp lệ đủ tiềm năng để thu hút fan đăng ký Premium.Nhìn chung, YouTube là một thế giới ảo phức tạp, và làm YouTuber cũng không hề dễ dàng như nhiều người tưởng để có thể khiến tiền bạc đổ vào túi như nước sông hồ. Trên hết, điều quan trọng nhất không phải cách chúng ta ""cáo già"" tới đâu, tạo ra được nhiều nguồn lợi nhuận lớn tới mức nào, mà là việc đáp ứng đủ các tiêu chuẩn cộng đồng do YouTube đặt ra. Nếu yêu cầu cơ bản đó cũng chưa thể thỏa mãn, tất cả những thứ khác chỉ là vô nghĩa, không bao giờ có thể hiện thực hóa giấc mơ làm giàu từ YouTube của mỗi người."
20190522212509866,http://kenh14.vn//them-truong-hop-nu-idol-kpop-gay-nhu-tham-hoa-mat-ran-dang-lo-den-muc-dong-nghiep-cong-khai-hoi-tham-20190522212509866.chn,"Thêm trường hợp nữ idol Kpop gầy như thảm họa mặt rắn, đáng lo đến mức đồng nghiệp công khai hỏi thăm",2019-05-22T21:25:12,Nữ idol Kpop của nhóm AOA khiến fan và đồng nghiệp vô cùng lo lắng vì gầy quá độ.,"Jimin trông gầy như thảm hoạ mặt rắn xứ Trung, thân hình tong teo đáng lo ngạiTrong suốt 2 năm nay, Jimin rơi vào tình trạng xuống cân đột biến, khiến fan vô cùng lo lắngGương mặt Jimin gầy đến nỗi xương hàm lộ rõ, cổ nhăn nheoTiền bối để lại bình luận lo lắng: ""Em mệt lắm không, Jimin à??""Trong khi đó, netizen đồng loạt bình luận: ""Ăn thêm đi chị ơi"", ""Chị gầy quá rồi, ăn nhiều đi ạ. Em yêu chị"", ""Đến cái tăm có khi còn có nhiều thịt hơn là toàn bộ cơ thể của Jimin""...Jimin ở thời kỳ đỉnh cao nhan sắcNguồn: KB, Instagram"
20190522174008319,http://kenh14.vn//bb-tran-hiem-hoi-coi-ao-khoe-body-nhung-vong-3-moi-chiem-spotlight-20190522174008319.chn,"BB Trần hiếm hoi cởi áo khoe body, nhưng vòng 3 mới chiếm spotlight",2019-05-22T19:23:17,"Ngược lại với đại đa số các sao nam Vbiz, BB Trần cũng cởi áo khoe body nhưng theo cách hoàn toàn khác biệt.","Trong bức ảnh, BB Trần diện độc chiếc quần bơi, tự tin pose dáng. Vậy nhưng, thay vì chụp từ phía trước để khoe toàn bộ body như nhiều sao nam khác, BB Trần lại chụp hình từ phía sau để phô diễn trọn vẹn vóc dáng cao tới 1m8 của mình. Dù người hâm mộ không có cơ hội chứng kiến body 6 múi nhưng nhìn từ phía sau có thể thấy thân hình BB Trần cũng rất săn chắc không kém cạnh bất kỳ sao nam nào. Đặc biệt, vòng 3 của nam diễn viên chính là chi tiết khiến fan đổ dồn chú ý nhất. Có thể nói, với vòng 3 nảy nở như thế này cũng là thế mạnh giúp BB Trần dễ dàng giả gái mà không cần bất cứ sự hỗ trợ nào. Hiếm hoi lắm khán giả mới thấy BB Trần cởi áo khoe body, nhưng lại theo cách chẳng giống ai.Trước đó, anh từng khoe body tại vòng casting cuộc thi ""Vietnam's Next Top Model 2015"".Cho tới năm 2018, BB Trần tiếp tục khoe hình thể theo cách ""độc nhất vô nhị"" khi giả gái, diện bikini.Mặc dù sau 4 năm, khán giả vẫn chưa có cơ hội chiêm ngưỡng body của BB Trần nhưng dựa vào những hình ảnh nam diễn viên đăng tải thời gian qua có thể thấy, dường như hiện tại, anh đã sở hữu thân hình săn chắc hơn rất nhiều."
201905201806351,http://kenh14.vn//ven-man-mat-toi-dang-sau-cannes-danh-gia-mieng-moi-beo-bo-cho-gai-mai-dam-va-co-hoi-vang-cho-nhung-ke-vo-danh-doi-doi-201905201806351.chn,Vén màn mặt tối đằng sau Cannes danh giá: “Ngày hội tiền lương” của gái mại dâm và cơ hội vàng cho những kẻ vô danh đổi đời,2019-05-21T00:00:00,Từ bao giờ mà sự kiện điện ảnh danh giá hàng đầu thế giới như LHP Cannes lại biến chất trở thành cơ hội đổi đời của những mỹ nhân vô danh và rẻ tiền như vậy?,"Tháng 5 thường niên là khoảng thời gian giới truyền thông và người hâm mộ cả thế giới đổ dồn sự chú theo dõi , một trong những sự kiện hoành tráng hàng đầu của làng điện ảnh toàn cầu. Nhưng càng ngày, người ta lại càng phải đặt chấm dấu hỏi cho một Liên hoan phim vốn được tôn vinh là danh giá. Những sự kiện thảm đỏ dài ngày được lấp đầy mới những người đẹp vô danh, thích ""chơi trội"" khiến công chúng hoang mang tột độ. Rốt cuộc chuyện gì đã xảy ra với Cannes vậy?Bên cạnh sự xuất hiện của những ngôi sao nổi tiếng được báo chí săn đón, những tác phẩm điện ảnh được vinh danh thì LHP Cannes còn được Elie Nahas, một ""tú ông"" khét tiếng, gọi là ""ngày hội tiền lương lớn nhất trong năm"". Sau khi Nahas bị bắt vào năm 2007, mọi người mới được biết thêm nhiều điều về những góc tối ở LHP Cannes. Trước khi bị bắt, Nahas từng cung cấp 50 người đẹp đến từ khắp nơi trên thế giới cho những khách hàng nam giới giàu có ở Trung Đông. Công việc của Nahas là liên lạc, đón các cô gái ở sân bay rồi chở họ đến du thuyền của Gaddafi con và các du thuyền siêu sang khác đậu trên vịnh. (Hình ảnh mang tính chất minh họa)Để thu hút sự chú ý từ những khách hàng giàu có, những cô gái gọi cao cấp thường ăn vận lồng lộn chẳng kém gì minh tinh màn bạc. Thậm chí, có người cao tay còn móc nối được suất tham dự thảm đỏ. Nhà phê bình Roger Ebert từng phát biểu: ""Gái gọi nhan nhản tại Cannes. Đó là những cô ả ăn vận lộng lẫy và không hút thuốc. Chẳng thể nào phân biệt được đâu là gái gọi nếu họ không chủ động ra hiệu"".Kristin M. Davis, tú bà nổi tiếng ở Hollywood khi bị bắt giữ đã khai báo: ""Giá của người mẫu hàng đầu thường cao gấp 5 lần gái gọi hạng sang. Họ thường phục vụ theo giờ. Một đêm, người mẫu có thể kiếm tối đa 40.000 USD (tương đương gần 1 tỷ đồng)"". Davis còn khẳng định đường dây của bà tập hợp toàn những gương mặt hàng đầu trong làng thời trang, từng sải bước trên sàn catwalk của , Ford, L'Oreal, Michael Kors và Gucci,...Timmy Secor, chủ một đơn vị quản lý người mẫu nói: ""Đây là điều tất yếu khi bạn muốn trở thành người mẫu. Nếu không có sản phẩm để bán, thứ bạn có chỉ còn thân xác. Kiếm tiền trong sạch không hề dễ dàng. Có quá nhiều người đẹp nhưng công việc lại hạn chế vô cùng"".Sau khi thắng kiện kẻ đã cưỡng bức mình, Kadian đã vén một phần bức màn bí mật về những góc tối, xấu xa đằng sau sự hào nhoáng của CannesMang tiếng một Liên hoan phim hàng đầu nhưng càng ngày càng ít thấy sự xuất hiện của những ngôi sao hạng A tại Cannes. Thậm chí thảm đỏ năm nay còn chưa có sự xuất hiện của bất kỳ một cái tên quyền lực nào. Thay vào đó là dàn người mẫu nổi tiếng giúp lấp liếm phần nào sự thiếu hụt, nhưng số lượng người nổi tiếng chẳng thể nào đọ lại được một số lượng đáng kể những nhân vật vô danh, chẳng ai biết mặt gọi tên. Như thể tất cả những mỹ nhân vô danh đều tề tựu về đây, giành giật với nhau cơ hội đổi đời trong mơ.Bên cạnh những minh tinh hạng A showbiz, những diễn viên đến với Cannes với mục đích tuyên truyền phim ảnh, thì những năm trở lại đây, netizen chứng kiến sự đổ bộ ồ ạt của những mỹ nhân vô danh, làm đủ mọi trò lố để tạo ""phốt"" và nổi tiếng. Hết ngã dúi dụi tại thảm đỏ lại đến ăn mặc hở hang, lố lăng, rất nhiều gương mặt không tên tuổi, hotgirl MXH Trung Quốc khiến Cbiz phải mất mặt. Người Trung Quốc bẽ bàng với những hình ảnh lố lắng, rẻ tiền của những hotgirl vô danh trên thảm đỏ CannesThảm đỏ Cannes qua các năm đều không thiếu những trò hề khiến công chúng phải ngán ngẩm lắc đầu. Tất cả những gì có thể tưởng tượng về thảm họa thời trang đều quy tụ đủ đầy tại Cannes. Từ các khách mời vô danh mặc những trang phục quái đản cho đến những người đẹp khoe thân hết sức có thể, bất chấp phơi bày ""vùng kín"" trước đông đảo khách mời, báo chí và khán giả. Không biết từ bao giờ thảm đỏ Cannes đã trở thành cơ hội đổi đời của mỹ nhân khoe thân rẻ tiền như vậy?Không cần lo sợ bạn sẽ trở thành nhân vật lố nhất thảm đỏ...... bởi chắc chắn còn có người còn lố hơn cả bạn nữaĐừng lo mình sẽ trở thành người đẹp hớ hênh nhất CannesTại Cannes, chỉ tồn tại khái niệm ""hở bạo hơn"" chứ không hề có chuyện ""hở bạo nhất""Hãy thử đặt thảm đỏ Cannes lên bàn cân so sánh cùng Met Gala 2019, sự kiện thảm hồng với dresscode yêu cầu khách mời tham dự phải mặc thật quái, thật lố. Nhưng sự khác biệt giữa sự lố của Cannes và Met Gala lại khác xa nhau một trời một vực. Màn lột xác 4 lần của Lady Gaga gây sốc tại Met Gala 2019. Mặc dù lột đến tận lực đến tận lớp nội y mới dừng nhưng không ai phủ nhận được cái chất nghệ thuật trong ý đồ của nữ minh tinhTất cả những tạo hình độc đáo và đặc biệt tại Met Gala hoàn toàn ở một đẳng cấp khác khi so cùng CannesThậm chí, tại những thị trường giải trí nhỏ hơn như Trung Quốc hay Hàn Quốc, sự kiện thảm đỏ đều diễn ra vô cùng chỉn chu với danh sách góp mặt toàn những gương mặt đình đám và những tên tuổi gạo cội. Những trường hợp cố tình gây sốc tạo sự chú ý đã giảm rõ rệt theo thời gian. Cho đến thời điểm hiện tại, những thảm đỏ đình đám nhất hai quốc gia châu Á này đã hoàn toàn vắng bóng những hình ảnh lố lăng không đáng xuất hiện trong một sự kiện tầm cỡ nữa rồi. Chính sự khác biệt này khiến người hâm mộ càng thất vọng với chất lượng sự kiện thảm đỏ của một Liên hoan phim danh giá, mang tầm cỡ thế giới như Cannes.Thảm đỏ tại ""xứ sở Kim Chi"" chưa bao giờ khiến công chúng phải thất vọngThảm đỏ của Trung Quốc cũng chỉn chu và tinh tế lạ thường khi không có sự xuất hiện của những hot girl mạng xã hội.Trong ngày thứ 2 diễn ra thảm đỏ Cannes, nữ ca sĩ  đã được nhà thiết kế nổi tiếng Olivier Rousteing nhận xét là ""Angel on earth"" (Thiên sứ) và giới truyền thông quốc tế cũng dành tặng mưa lời khen cho ""Tạo hình đẹp nhất"". Không chỉ thế, Lý Vũ Xuân còn được 1 mình khoe sắc trên thảm đỏ trong vòng 5 phút. Những đặc quyền này khiến công chúng phải đặt câu hỏi, liệu Lỹ Vũ Xuân có thật sự xuất sắc đến thế?Những lời tâng bốc quá đà dành cho Lý Vũ Xuân khiến netizen không khỏi nghi ngờThực tế, việc được ""dọn đường"" là 1 ưu đãi đặc biệt của 1 nhãn hiệu nổi tiếng hợp tác với Cannes, Lý Vũ Xuân là người đại diện trên toàn cầu của nhãn hiệu này nên mới được hưởng đặc quyền như vậy. Olivier Rousteing cũng là nhà thiết kế chính của thương hiện nói trên.Khách quan mà nói, những câu chuyện được nói bên trên cũng đều xoay quanh đồng tiền. Lợi nhuận chắc chắn không chỉ đến từ sự tài trợ của các nhãn hiệu. Những góc khuất của LHP Cannes mới tạo nên những khoản thu khổng lồ khiến nhiều người đỏ mắt thèm thuồng. Tuy nhiên, một sự kiện uy tín và chất lượng chắc chắn không bao giờ đặt lợi nhuận lên hàng đầu như Cannes. Đó cũng chính là lý do ngày càng ít những ngôi sao quốc tế quyền lực xuất hiện tại Liên hoan phim quốc tế này. Hào quang đáng lẽ ra chỉ thuộc về những nghệ sĩ, diễn viên chân chính nay đã phải san sẻ cho những gương mặt rẻ tiền và vô danh."
20190522220518178,http://kenh14.vn//nam-than-cua-dt-duc-khien-chi-em-viet-nam-rung-tim-chinh-thuc-gia-nhap-doi-bong-khong-co-anti-fan-20190522220518178.chn,"Nam thần của ĐT Đức khiến chị em Việt Nam rụng tim chính thức gia nhập đội bóng ""vạn người mê""",2019-05-22T22:25:00,"Giữa hàng tá lời mời đến từ những đội bóng lớn, Brandt đã lựa chọn ở lại Đức để tiếp tục phát triển khả năng.","Julian Brandt, ngôi sao khiến chị em điên đảo tại kỳ World Cup 2018 vừa có bến đỗ mới. Mặc cho những lời mời đến từ Ngoại Hạng Anh, Brandt lựa chọn Borussia Dortmund.Không chỉ vẻ ngoài lãng tử, Brandt còn khiến CĐV đảo điên vì kỹ thuật chơi bóng thuộc hàng đỉnh cao nhất bóng đá Đức. Chính vì vậy Dortmund đã phải bỏ ra 22 triệu bảng, tương đương... 650 tỉ VNĐ. Hợp đồng ngôi sao 23 tuổi ký với Dortmund có thời hạn đến năm 2024.Trước khi gia nhập Dortmund, Brandt là ngôi sao trẻ đầy triển vọng của Bayer Leverkusen. Anh chỉ mất đúng 1 trận đấu chơi cho đội trẻ Leverkusen để gây ấn tượng mạnh với HLV trưởng. Kể từ năm 2014 đến nay, Brandt ra sân 165 lần cho đội bóng chủ sân BayArena. Anh để lại ấn tượng cực mạnh với 34 bàn thắng cùng vô số đường kiến tạo, những pha đi bóng qua người điệu nghệ.Màn ra mắt Dortmund của Brandt.Ngoài Dortmund, Tottenham và Liverpool là 2 đội khác xếp hàng để có được chữ ký của Brandt. Tuy nhiên, anh đã lựa chọn ở lại Bundesliga (giải VĐQG Đức) để tiếp tục phát triển tài năng. Dortmund được đánh giá là sự lựa chọn hoàn hảo cho những ngôi sao trẻ như Brandt. Đội bóng chủ sân Signal Iduna Park là nơi tỏa sáng rực rỡ của những ngôi sao tấn công như Mario Goetze, Marco Reus, Robert Lewandowski.Với Brandt, CĐV sẽ sớm quên đi Christian Pulisic, cầu thủ vừa mới gia nhập Chelsea. Ngày hôm qua, Dortmund cũng chính thức chiêu mộ Thorgan Hazard, em trai của siêu sao Eden Hazard. Sức mạnh của đội bóng chủ sân Signal Iduna Park vào mùa giải sắp tới được đánh giá đủ để lật đổ Bayern Munich."
20190522225105912,http://kenh14.vn//lua-chon-cua-trai-tim-bi-gai-xinh-tu-choi-phu-phang-chang-trai-han-quoc-dap-tra-bat-ngo-20190522225105912.chn,"Lựa chọn của trái tim: Bị gái xinh từ chối phũ phàng, chàng trai Hàn Quốc đáp trả bất ngờ",2019-05-22T22:51:08,"Trong tập 18 ""Lựa chọn của trái tim"", anh chàng Seo JongSeong khẳng định cũng không có ý định chọn Thảo Nhi, dù cô không xin dừng cuộc chơi đi chăng nữa.","Chủ động chia tay người yêu ngay sau khi đến Việt Nam du học, chàng trai Hàn Quốc Seo JongSeong (24 tuổi, sinh viên ĐH Luật) quyết định đeo mặt nạ đi hẹn hò trong tập 18 """", vừa lên sóng lúc 20h30 ngày 22/5 trên kênh VTV3.Seo JongSeong đeo mặt nạ Ngũ sắc được sắp xếp hẹn hò cùng 3 cô gái: Bảo Nhi (mặt nạ Tiểu quỷ, 20 tuổi, sinh viên trường ĐH Tài nguyên & Môi trường, đến từ Khánh Hòa), Bé Nguyên (mặt nạ Phù thủy, 19 tuổi, sinh viên trường ĐH Sân khấu điện ảnh, đến từ TP.HCM) và Thảo Nhi (mặt nạ Tiên xanh, 23 tuổi, đang quản lý một quán cafe chó mèo, đến từ Đồng Nai).Bảo Nhi đến hẹn đầu tiên. Sau lời chào cô nàng đoán ra ngay Seo Jongseong là người Hàn Quốc vì đã từng tiếp xúc với vài người Hàn rồi. Biết Seo có ý định ở lại Việt Nam, Bảo Nhi liền hỏi: ""Con gái Việt và con gái Hàn khác nhau thế nào?"". Seo đáp: ""Con gái Việt hiền hơn và dễ thương hơn gái Hàn"". Dù còn nghi ngờ đây là lời xã giao nhưng Bảo Nhi vẫn nghĩ: ""Anh ấy là một người tinh tế"".Khi được hỏi về mẫu bạn gái lý tưởng, Seo cho biết: ""Anh thích một cô gái vui tính và... biết nhậu"". Bảo Nhi hoàn toàn đồng ý với quan điểm này của Seo vì: ""Thà đi nhậu với bạn trai còn hơn là đi với người lạ"". Seo đặt vấn đề cưới hỏi với người ngoại quốc liệu có bị gia đình phản đối, Bảo Nhi thẳng thắn: ""Mẹ em chỉ nói rằng em không nên lấy người giàu, chỉ nên cưới người có ý chí"". Seo cũng chia sẻ: ""Mình không giàu và cũng là người có chí cầu tiến"".Bé Nguyên đến hẹn tiếp theo. Vừa gặp mặt, cô nàng đã tạo được ấn tượng tốt với Seo vì anh chàng thích những người làm nghệ thuật. Tiếp đà lợi thế, Bé Nguyên hát luôn một ca khúc dân ca và lập tức nhận được lời khen từ Seo. Cô nàng còn tiết lộ mình biết chơi thể thao và đó cũng là sở thích của anh chàng. Bé Nguyên không giấu ý định sẽ thử lấy người nước ngoài và sẵn sàng theo chồng về Hàn Quốc khi cuộc hẹn giữa cô với chàng trai xứ Kim Chi vẫn đang diễn ra suôn sẻ.Thảo Nhi là người cuối cùng xuất hiện. Vừa bước vào cô nàng đã gây ấn tượng với Seo nhờ vóc dáng chuẩn người mẫu. Biết Thảo Nhi đang quản lý một quán cà phê thú cưng, Seo hào hứng: ""Rất thích công việc của cô ấy, mình yêu chó và mèo"". Thảo Nhi chủ động ""tán tỉnh"" bằng cách liên tục hỏi chuyện Seo, cách này tỏ ra khá hiệu quả khi cô được anh chàng hứa rằng sẽ nấu cho thật nhiều món ăn ngon. Trùng hợp thay, nơi ở của Seo hiện tại chỉ cách nhà của Thảo Nhi vài trăm mét, khiến cô nàng không khỏi ngạc nhiên. Dù chưa nghĩ tới chuyện sẽ yêu một người ngoại quốc nhưng Thảo Nhi rất hào hứng, cô chủ động mời Seo đến quán cà phê của mình để có thể hẹn hò được lâu thêm.Trở về ghế nóng ""Lựa chọn của trái tim"", trước khi chọn người đầu tiên ra về, Seo Jongseong dành tặng cho ba cô gái một bài hát mà anh yêu thích. Sau đó anh chàng quyết định loại Bảo Nhi vì chưa nắm bắt được nhiều thông tin về cô nàng.Bị loại sớm, Bảo Nhi quyết định ""mặt đối mặt"" và nói thẳng: ""Anh không chọn em là đúng vì nếu có chọn, em cũng chẳng có cảm xúc gì với anh mà hẹn hò tiếp"".Lựa chọn của trái tim: Seo loại Bảo NhiTại vòng hẹn hò lâu, Seo đến một bãi đất trống gặp Bé Nguyên xem thả diều. Cô nàng cùng Seo viết điều ước của mình lên những cánh diều và cùng nhau thả. Suốt buổi hẹn, Bé Nguyên liên tục ""thả thính"" Seo bằng những câu từ ngọt như mía lùi khiến anh chàng không khỏi bồi hồi: ""Tim tôi đập rất nhanh và hy vọng những lời cô ấy nói là sự thật"". Thả diều xong, Bé Nguyên dẫn Seo ra bờ sông vắng để trò chuyện, tại đây anh chàng đàn và hát tặng cô nàng bài ""Em gái mưa"". Kết thúc buổi hẹn, Seo cho biết: ""Cô ấy đã chiếm 90% trái tim của tôi rồi"".Chàng trai đi tiếp đến quán cà phê thú cưng nơi Thảo Nhi đã chờ sẵn. Thảo Nhi muốn thử lòng xem anh chàng có thực sự yêu chó mèo hay không vì người Hàn Quốc rất thích ăn thịt chó. Và ""cô chủ nhỏ"" thở phào nhẹ nhõm khi Seo cho biết mình không ăn thịt chó. Thảo Nhi cũng tiết lộ cô sẵn sàng thuyết phục gia đình Seo nếu như bị gia đình chồng tương lai phản đối nuôi chó trong nhà.Seo Jongseong chưa kịp đưa ra quyết định cuối cùng thì bất ngờ Thảo Nhi đã chủ động xin dừng cuộc chơi. Cô nàng nói thẳng lý do từ chối: ""Anh quá thiếu tự tin nên không thể thuyết phục em, em cần một người đàn ông bản lĩnh hơn để có thể tựa vào"".Lựa chọn của trái tim: Thảo Nhi rút luiKhoảnh khắc Thảo Nhi lộ diện khiến Seo hết sức ngạc nhiên vì cô nàng sở hữu một gương mặt vô cùng xinh xắn. Thảo Nhi hỏi: ""Nếu cho anh cơ hội được chọn, anh có chọn em không?"". Dường như còn ""cay cú"" sau khi bị từ chối trước nên Seo trả lời: ""Anh chọn Bé Nguyên trước khi em dừng cuộc chơi nên anh không hối hận"".Sau tất cả, Seo Jongseong nắm tay Bé Nguyên cùng đến buổi hẹn cuối cùng để bắt đầu một chuyện tình mới."
20190522213111225,http://kenh14.vn//nu-sinh-hot-nhat-mxh-vo-ngoc-tran-cung-ban-be-doi-mua-tri-an-thay-co-va-cha-me-20190522213111225.chn,"""Nữ sinh hot nhất MXH"" Võ Ngọc Trân cùng bạn bè đội mưa tri ân thầy cô và cha mẹ",2019-05-22T22:43:00,"Tối nay (22/5), trường THPT Bình Hưng Hoà (Quận Tân Bình) đã tổ chức lễ tri ân và trưởng thành cho học sinh khối 12. Dù trời mưa nhưng Võ Ngọc Trân cùng rất nhiều học sinh vẫn ở lại để tặng thầy cô và bố mẹ những món quà do mình tự tay chuẩn bị.","Lễ tri ân và trưởng thành là một dịp đáng nhớ với tất cả các học sinh cuối cấp. Đây không chỉ là buổi lễ để chia tay mái trường cấp 3 mà còn là dịp để nói lời cảm ơn, nói lời yêu thương đến thầy cô và cha mẹ - những người đã luôn lặng thầm ở bên cạnh dõi theo từng bước đường trưởng thành của chúng ta.Học sinh trường Bình Hưng Hoà tổ chức lễ tri ân thầy cô và cha mẹHôm nay, trường THPT Bình Hưng Hoà (Quận Tân Bình, TP.HCM) đã tổ chức lễ tri ân và trưởng thành dành cho học sinh khối 12. Rất nhiều các bạn học sinh năm cuối tự tay chuẩn bị những món quà, những bó hoa tươi thắm để dành tặng cho thầy cô và các bậc phụ huynh. Những giọt nước mắt đã rơi khi với nhiều 10X, đây là lần đầu tiên họ nói một lời cảm ơn, dành một cái ôm thật chặt cho cha mẹ và thấy cô. Các bạn học sinh hào hứngNhiều bậc phụ huynh xúc động vì lời cảm ơn của conNổi bật trong buổi lễ là - nữ sinh hot nhất trường THPT Bình Hưng Hoà từng được báo Trung ca ngợi với nhiều mỹ từ như ""nữ thần không góc chết"", ""nữ sinh thiên thần"". Võ Ngọc Trân mặc đồng phục giản dị nhưng vẫn rất nổi bật nhờ khuôn mặt xinh xắn cùng vóc dáng cân đối. Võ Ngọc Trân nổi bật Võ Ngọc Trân cùng mẹ và chị gáiVõ Ngọc Trân tham dự lễ tri ân cùng mẹ và chị gái. Nhìn 3 mẹ con đều xinh đẹp thì biết ngay cô bạn đã được hưởng gen di truyền cực tốt đấy! Được biết sắp tới, Ngọc Trân sẽ thi vào trường ĐH Khoa học Xã hội và Nhân văn. Hiện tại, cô bạn đang tích cực ôn tập. Ngọc Trân học rất giỏi môn Văn, từng được HSG cấp thành phố nên đây là môn mà cô bạn khá tự tin. Ngọc Trân còn lập một group các bạn học sinh lớp 12 mình quen qua Instagram để mọi người có thể giúp đỡ nhau ôn tập.Cô bạn tích cực ôn tập để thi vào trường Nhân VănCùng xem thêm những hình ảnh của Ngọc Trân và bạn bè tại buổi lễ tri ân và trưởng thành này nhé:Phụ huynh đến trường cùng các conNhiều người không khỏi xúc độngNghi thức rước đuốc truyền thống của trườngVõ Ngọc Trân rất xinh xắn, tươi tắnVõ Ngọc Trân và chị gái"
20190522220537241,http://kenh14.vn//khong-ai-giau-3-ho-nhung-ca-gia-toc-nay-da-giau-co-suot-15-doi-nho-bi-quyet-to-truyen-thay-vi-day-con-bang-tien-hay-de-chung-hoc-bang-duc-20190522220537241.chn,"""Không ai giàu 3 họ"" nhưng cả gia tộc này đã giàu có suốt 15 đời nhờ bí quyết tổ truyền: Thay vì dạy con bằng tiền, hãy để chúng học bằng đức",2019-05-22T23:32:00,"Câu nói ""Không ai giàu ba họ, không ai khó ba đời"" chẳng thể áp dụng lên gia tộc này nhờ có cách truyền dạy con cháu đời sau đúng đắn.","Ieoh Ming Pei (hay Bối Duật Minh) sinh năm 1917, mất năm 2019, được biết đến như một kiến trúc sư nổi tiếng của Kiến trúc hiện đại dùng đá, bê tông, kính, thép để làm nên những công trình để đời, đến nay vẫn được lưu giữ cẩn thận tại nhiều bảo tàng kiến trúc nổi tiếng khắp thế giới. Ông là một trong những kiến trúc sư thành công nhất của thế kỉ 20, người đã giành được tất cả các danh hiệu mà một kiến ​​trúc sư có thể có trong cuộc đời 102 năm huyền thoại của mình. Tuy nhiên, không chỉ nổi danh vì tài năng của chính mình, người ta còn ngưỡng mộ Bối Duật Minh vì gia tộc của ông là một trong những gia tộc hiếm hoi có thể phá vỡ ""lời nguyền"" rằng: ""Không ai giàu ba họ, không ai khó ba đời.""Bối Duật Minh (Ảnh: Getty)Quả vậy, gia tộc họ Bối không chỉ giàu có hơn 3 họ, mà còn được kéo dài suốt 15 thế hệ. Ở Trung Quốc, quá trình thịnh vượng và sụp đổ của một gia tộc thường như sau: Thế hệ đầu tiên dựng nghiệp từ hai bàn tay trắng, chăm chỉ thoát nghèo mà đi lên tầng lớp giàu có; thế hệ thứ hai có nhiệm vụ gìn giữ, vất vả chèo chống sản nghiệp mà đời trước để lại, cố gắng thâm hụt càng ít càng tốt; thế hệ thứ ba bắt đầu quen thói hưởng thụ, chỉ biết ăn mà không biết làm, cuối cùng táng gia bại sản hoặc lâm vào khánh kiệt. Đó là tình huống thường xuyên xuất hiện, lặp đi lặp lại ở những gia đình khác nhau, dần trở thành một quy luật, sinh ra câu nói ""Không ai giàu 3 họ.""Để tạo nên điều khác biệt với số đông, gia tộc của Bối Duật Minh đã để lại một bí quyết, đó chính là: Thay vì dạy con bằng Tài (tiền tài), hãy để con học bằng Đức; thay vì hưởng thụ một mình, hãy học cách san sẻ xung quanh. Giữ tư tưởng đó, thế hệ trước của gia tộc đã xây dựng lại nhiều tài sản riêng của bản thân, biến chúng thành tài sản chung để tất cả mọi người đều sử dụng. Ngoài ra, gia tộc cũng sẵn sàng quyên một số tiền lớn để xây dựng từ đường, nhà thờ họ, thành lập nghĩa trang, hỗ trợ người nghèo... Ngôi trường mẫu giáo kiểu mới đầu tiên của Trung Quốc chính là do gia tộc Bối mở ra, đóng góp rất lớn cho phúc lợi công cộng và các hoạt động từ thiện của vùng. Và sau đây là 3 con đường làm nên thành công của gia tộc ấy:Trong lịch sử, chỉ có những gia đình nhiều thế hệ vừa duy trì được sự giàu có, vừa giữ được bản tính không kiêu ngạo, hành xử lương thiện, mới có thể được gọi là danh gia vọng tộc chứ không phải ""nhà giàu mới nổi"". Gia tộc họ Bối luôn ghi nhớ và tuân theo tổ huấn truyền lại. Ông nội của Bối Duật Minh, trong khi đương nhiệm chức Hội trưởng của Thương hội Tô Châu trong 7 năm liên tiếp từ 1922, đã phát động rất nhiều chiến dịch gây quỹ, đi đầu trong các hoạt động quyên góp để mở đường, khai thông buôn bán, đóng góp nhiều thành tựu cho quá trình phát triển kinh tế và phúc lợi công cộng của Tô Châu.Thế hệ trước của Bối Duật Minh từng có người được mệnh danh là ""ông trùm tài chính"", tham gia thành lập Ngân hàng Thượng Hải và công ty du lịch đầu tiên của Trung Quốc, Dịch vụ Du lịch Trung Quốc. Và sau đó, đến đời cha của Bối Duật Minh, ông còn xuất sắc hơn khi không ngừng phát triển công việc kinh doanh, trở thành chủ tịch của Ngân hàng Trung ương và là một trong những người sáng lập Ngân hàng Trung Quốc.Là nhân vật chủ chốt trên trường kinh tế nhưng gia tộc họ Bối không quên xây dựng và gìn giữ các giá trị văn hóa. Họ từng bỏ tiền ra mua lại và phục hồi nguyên trạng cho Vườn Sư Tử (Lion Grove Garden), một Di sản thế giới UNESCO nổi tiếng với thiết kế cổ xưa của Trung Quốc, bao gồm các hòn nam bộ và mê cung đá giống như sư tử ở trung tâm. Đây cũng là nơi Hoàng đế Càn Long thường nghỉ chân khi đi tuần về Tô Châu. Sau khi trùng tu, gia tộc đã tặng lại toàn bộ khu vườn rộng lớn cho Chính phủ.Gia tộc họ Bối rất coi trọng quá trình nuôi dạy con cháu. Chính vì thế, họ sớm nhận ra tầm quan trọng của một người vợ hiền lành đảm đang, cũng là một người mẹ hiểu tri thức lễ nghĩa trong việc đào tạo và dưỡng dục thế hệ sau. Phải chọn được vợ hiền dâu thảo thì mới không phải lo đời sau lụn bại.Ví dụ như, mẹ ruột của Bối Duật Minh là con gái của vị quan đứng đầu Quốc Tử Giám triều đại nhà Thanh, giỏi đàn sáo và một lòng hướng Phật. Người mẹ kế sau đó cũng là con gái một gia đình danh giá ở Giang Nam, có cha đảm nhiệm chức đặc phái viên ngoại giao của chính phủ, từng du học nước ngoài, thông thạo cả tiếng Anh và tiếng Pháp.Và chính vợ của Bối Duật Minh cũng là một cô gái tri thức tốt nghiệp từ Đại học Wesleyan tại Connecticut, một tiểu bang Hoa Kỳ. Cùng có niềm đam mê và kiến thức về kiến trúc, bà vừa làm vợ, vừa làm mẹ, vừa đảm nhiệm cả chức cố vấn, trợ lý, người tâm sự và nhà phê bình các thiết kế của chồng. Hai con trai của bà và Bối Duật Minh cũng trở thành những nhà kiến trúc sư nổi tiếng ở Mỹ."
20190522174428522,http://kenh14.vn//van-khong-hieu-sao-co-nguoi-me-noi-mon-tom-hum-dat-boc-roi-2-tay-ma-duoc-co-mau-thit-bang-dau-ngon-tay-20190522174428522.chn,Vẫn không hiểu sao có người mê nổi món tôm hùm đất: bóc rời 2 tay mà được có mẩu thịt bằng đầu ngón tay,2019-05-22T20:40:00,"Sau trải nghiệm ""một lần và mãi mãi"" với tôm hùm đất, tôi vẫn không thể hiểu nổi tại sao người ta lại mê được món này và còn rủ nhau đi ăn ầm ầm như vậy.","Nhìn ngon thế cơ mà?!!Lại còn rất rẻ nữa chứ! Một phần lý do nữa khiến tôi khao khát muốn ăn thử tôm hùm đất, ấy chính là sự... tò mò. Con tôm gì nhìn lạ hoắc, to chỉ hơn ngón tay cái một chút mà đôi càng to suýt bằng càng cua rồi. Cũng không hiểu là tôm thể loại gì mà nấu lên nó lại đỏ được như thế? Phải thừa nhận là tôm hùm đất chế biến xong nhìn vô cùng thích mắt nhé! Đây này, hấp dẫn bỏ xừ ra còn gì nữa? Quả thật, tất cả vẫn thật hấp dẫn cho đến khi tôi ăn thử nó...Xin dành tặng luôn cho món tôm hùm đất này một cái tên mà tôi nghĩ ra ngay trong đầu: “quái vật bằng sắt”.Không hề nói ngoa đâu. Bởi so với vô vàn những con tôm nhỏ xinh khác cùng dòng họ tôm, thì mấy con tôm này như mặc cả một lớp áo giáp bằng sắt vậy. Muốn ăn thì nhất định phải bóc hết vỏ, chứ nếu bạn định ăn cả vỏ như ăn món tôm rang ở nhà thì cũng xin là bái phục sức mạnh hàm răng của bạn rồi đó! Thế là lại hì hục ngồi bóc vỏ. Cũng không có gì khó khăn lắm ngoại trừ việc nó hơi cứng nên khó bóc so với các con tôm khác. Vậy nhưng điều làm tôi thất vọng nhất chính là sau khi tỉ mẩn bóc bóc, thành quả nhận được là hẳn-một-mẩu-thịt tôm to bằng đầu ngón tay. Thậm chí, ngay sau đó tôi còn thò ngón tay ra để đo, và quả thật là nó to đúng bằng đầu ngón tay của mình...Đã vậy, hương vị của nó lại như cho thêm 1 cú tát vào mặt. Thịt tôm vừa cứng, vừa nhạt, thậm chí còn kém xa món tôm rang mà ở nhà mẹ tôi vẫn hay làm cho ăn.Sau nhiều cố gắng, nỗ lực ngồi bóc tôm ""quái vật bằng sắt"", tôi quyết định bỏ cuộc chỉ sau 5 chú. Thật lòng mà nói thì bóc rời cả 2 tay mà nhận được đúng 1 mẩu thịt như vậy thì thôi, thà ngồi ăn rau còn hơn.Đó là lần đầu tiên tôi đi ăn tôm hùm đất, nhưng tôi cũng tự đưa ra quyết định luôn đó là lần cuối cùng. Đến bây giờ vẫn không hiểu sao người ta lại thích được món này và suốt ngày rủ rê nhau đi ăn ầm ầm như vậy?"
20190522210810241,http://kenh14.vn//khong-cat-toc-suot-2-nam-nang-bien-tap-vien-lam-dep-da-rut-ra-duoc-3-bai-hoc-de-doi-20190522210810241.chn,"Không cắt tóc suốt 2 năm, nàng biên tập viên làm đẹp đã rút ra được 3 bài học để đời",2019-05-22T23:30:36,BTV của chuyên trang làm đẹp Byrdie đã có những chia sẻ đầy tâm huyết về kinh nghiệm chăm sóc tóc của cô.,"Hallie Gould - một BTV làm đẹp trang Byrdie từng phải mất khá nhiều thời gian để thích ứng với mái tóc xoăn tự nhiên của mình, từ ghét nó, tìm cách thay đổi hoặc che giấu nó, đến cuối cùng, là chấp nhận và yêu quý nó. Sau nhiều năm vật lộn tìm cách duỗi thẳng tóc, cô nàng đã quyết định để nó được phát triển tự nhiên. Hãy cùng nghe câu chuyện của Hallie Gould và những kinh nghiệm mà cô tự rút ra được trong vòng 2 năm không cắt tóc nhé.Hallie Gould - biên tập viên làm đẹp của chuyên trang Byrdie.Tôi nhận ra điều này vào một buổi sáng, khi tôi mở ứng dụng ""Ngày này năm xưa"" trên Facebook, và bị sốc khi nhìn thấy một bức ảnh từ một năm trước. Trong ảnh, tôi của một năm trước có mái tóc vẫn khô xơ khủng khiếp, kể cả khi tôi đã để nguyên mái tóc tự nhiên của mình và không tác động nhiệt vào nó nữa. Rồi tôi nhìn xuống tóc mình hiện tại, vẫn hư tổn và xơ xác, và tôi không thể tin nổi là trong suốt một năm trở lại đây nó hầu như không dài thêm được chút nào - đặc biệt là khi tôi đã không cắt tóc suốt gần 2 năm. Bức ảnh đó như một chất xúc tác, khiến tôi nhận ra nhiều điều, quả thực tôi đã khiến cho tóc mình thêm hư tổn và không thể mọc dài ra vì ""lười"" đi cắt tóc. Dưới đây chính là 3 kinh nghiệm mà tôi rút ra được.Bằng việc không cắt tóc, bạn thực ra đang hạn chế việc tóc mọc dài ra, chứ không phải là đang để nó dài ra một cách tự nhiên như bạn nghĩ. Nghe có vẻ bất hợp lý, nhưng thực chất bằng việc cắt tóc thường xuyên, bạn sẽ hạn chế được tình trạng gãy rụng bằng việc cắt bỏ đi phần đuôi tóc khô mỏng và thiếu sức sổng. Chính phần đuôi tóc đó sẽ khiến tóc bạn bị hư tổn nhiều hơn, và thậm chí nhìn còn ngắn hơn trước đó - giống như trong trường hợp đáng buồn của tôi. Để giúp tóc mọc dài, tôi khuyên bạn đi cắt và chăm sóc tóc 3 tháng 1 lần, như thế tóc bạn sẽ giữ được phần tóc phía trên phần đuôi xơ xác đó, và không làm ảnh hưởng đến độ dài phần tóc khoẻ mạnh.Cọ xát vào quần áo, tiếp xúc với ánh nắng hàng ngày khiến cho phần đuôi tóc của bạn dễ hư tổn. Cách tốt nhất để bảo vệ tóc bạn là cắt tỉa phần đuôi tóc theo lịch đều đặn và sử dụng một loại mặt nạ dưỡng chất thích hợp 2 lần/tuần, nó sẽ giúp làm dịu lớp biểu bì , giúp tóc bạn mềm mượt hơn. Hoặc để hạn chế tối đa tác động của sự hư tổn từ bên ngoài, tôi còn đầu tư thêm một cái gối đầu bằng lụa để hạn chế ma sát khi ngủ.Bằng việc cắt đi phần đuôi tóc đã hư tổn, bạn sẽ mang lại sức sống cho mái tóc xoăn tự nhiên của mình. Thật thú vị vì đây là điều tôi chưa bao giờ nghĩ đến, nhưng quả thật với mái tóc xoăn không được cắt tỉa đều đặn, mái tóc của tôi sau khi sấy xong trông ủ rũ và khô xẹp, thay vì xoăn bồng bềnh thành những lọn tóc lớn."
20190522231529787,http://kenh14.vn//nhat-ban-chan-dong-truoc-tin-cap-doi-vang-cua-lang-giai-tri-bi-bat-vi-tang-tru-can-sa-20190522231529787.chn,Nhật Bản chấn động trước tin cặp đôi vàng của làng giải trí bị bắt vì tàng trữ cần sa,2019-05-22T23:51:02,"Nam ca sĩ Nhật Bản Taguchi Junnosuke và bạn gái, nữ diễn viên Rena Komine đã bị cơ quan chức năng bắt giữ vì tội tàng trữ cần sa.","Báo chí Nhật Bản đưa tin vào ngày 22/5, cựu thành viên của nhóm nhạc nổi tiếng ,  (33 tuổi) và bạn gái  (38 tuổi) đã bị bắt giữ vì bị nghi ngờ có liên quan đến tàng trữ cần sa. Hiện tại, cơ quan chức năng tại Tokyo đã bắt đầu điều tra để làm rõ vụ việc.Taguchi Junnosuke, cựu thành viên của nhóm nhạc KAT-TUN…Bạn gái nam ca sĩ, Rena Komine, 1 nữ diễn viên Nhật Bản đã bị bắt giữ vì tàng trữ chất cấm.Taguchi Junnosuke debut với tư cách là thành viên của nhóm nhạc KAT-TUN vào năm 2006 và là thành viên có chiều cao lý tưởng nhất, nhảy khá nhất trong nhóm. Không chỉ hoạt động trong lĩnh vực âm nhạc, Taguchi Junnosuke còn góp mặt trong nhiều bộ phim điện ảnh và truyền hình. Anh đã được nhận giải ""Diễn viên phụ xuất sắc nhất"" trong lễ trao giải Nikkan Sports Drama Grand Prix lần thứ 13. Nam ca sĩ đã rời khỏi công ty quản lý Johnny’s Entertainment vào năm 2016.Taguchi Junnosuke là 1 nghệ sĩ đa tài.Việc anh rời khỏi nhóm nhạc đã khiến người hâm mộ vô cùng tiếc nuối.Rena Komine, bạn gái của Taguchi Junnosuke, cũng là 1 nữ diễn viên tài năng với những bộ phim như ""3 nen B gumi Kinpachi Sensei 6"", ""Yakuza-Busting Girls: Final Death-Ride Battle"", ""Kamen Rider The First"".Xinh đẹp và tài năng, Rena Komine cũng nhận được sự yêu mến của đông đảo khán giả.Trước khi bị bắt giữ, Taguchi Junnosuke và Rena Komine từng là cặp đôi vàng đã hẹn hò nhiều năm của Jbiz.Nguồn: Weibo, ifeng"
2019052200151935,http://kenh14.vn//truc-tiep-le-be-giang-cac-truong-thpt-hot-nhat-ha-noi-rop-troi-dan-gai-xinh-xung-xinh-ao-dai-den-truong-du-buoi-le-cuoi-cung-cua-doi-hoc-sinh-2019052200151935.chn,Toàn cảnh lễ bế giảng các trường THPT lớn nhất Hà Nội: Học sinh ôm nhau khóc nức nở nói lời tạm biệt tuổi học trò,2019-05-22T07:45:00,"Các cô cậu học trò cuối cấp nô nức kéo nhau đến trường trong buổi bế giảng cuối cùng của đời học sinh, dù chẳng trưng diện cầu kỳ, nhưng vẻ đẹp trong sáng ngây thơ tràn đầy hơi thở thanh xuân vẫn luôn nổi bật và thu hút người nhìn.","Khi tiếng ve râm ran, những chùm phượng đỏ rực như muốn đốt cháy cả một vùng trời, là lúc ai cũng biết hè đã về. Hè về đối với thế gian cũng chỉ là sự vần chuyển thời gian của các mùa, nhưng đối với những cô cậu còn cắp sách tới trường, nó là mùa của niềm vui, của nước mắt, là mùa của sự chia ly. Mới thoáng đó đã ba lần ve cất tiếng kêu ran ran gọi mùa hè. Sau mùa hè tất cả còn lại chỉ còn hoài niệm của một thời để nhớ.Hôm nay là ngày nhiều trường THPT tại Hà Nội chọn tổ chức  để kết thúc năm học cũ, tạm biệt với một lớp học sinh đã khôn lớn, trưởng thành. Ngay từ sáng sớm, tại cổng những ngôi trường cấp 3 nổi tiếng Hà Thành như Chu Văn An, Việt Đức, Phan Đình Phùng... đã nô nức các nữ sinh trong tà áo dài trắng tinh khôi và các nam sinh trong chiếc áo đồng phục quen thuộc. Chẳng cần ăn diện cầu kỳ hay trang điểm loè loẹt, vẻ đẹp của sự trong sáng hồn nhiên vẫn nổi bật và thu hút mọi ánh mắt khi các cô cậu học trò cuối cấp trao cho nhau những nụ cười, những cái ôm và cả những giọt nước mắt ngày chia ly.Những khoảnh khắc đẹp trong Lễ bế giảng tại THPT Chu Văn An. (Clip: Kingpro)"
201905221122521,http://kenh14.vn//vuong-nguyen-va-loat-phot-tu-cau-be-ngoan-hien-nhat-tfboys-thoat-xac-tro-thanh-thanh-nien-noi-loan-201905221122521.chn,Vương Nguyên và loạt phốt: Từ cậu bé ngoan hiền nhất TFBoys thoát xác trở thành thanh niên nổi loạn?,2019-05-22T11:27:00,Những lỗi lầm trong vòng nửa năm tới giờ của Vương Nguyên bất ngờ bị netizen “đào mộ” trở lại.,"Vốn là 1 thành viên của nhóm nhạc nổi tiếng , hiện tại,  đang nằm trong ""tâm bão"" dư luận sau scandal hút thuốc. Không chỉ nhận phải mưa gạch đá từ cộng đồng mạng, những sai lầm của Vương Nguyên trong vòng nửa đầu năm cũng bị nhắc lại và không ít người đã đặt câu hỏi: Phải chăng sự dễ dãi của người hâm mộ với một thần tượng nhí đã khiến cho Vương Nguyên trở nên tự mãn?Cậu bé dễ thương ngày nào có phải đang trở nên tự mãn?Debut từ khi mới 13 tuổi, Vương Nguyên sở hữu lượng fan đông đảo, trong đó có nhiều người coi cậu như em, như con. Ngay khi mới trưởng thành, Vương Nguyên đã có 1 sự nghiệp đỉnh cao mà rất nhiều người có lẽ cả đời cũng không chạm tới được. Và ở trong mắt người hâm mộ, Vương Nguyên cũng như 2 thành viên khác trong TFBoys đều là những đứa trẻ tốt đẹp, thuần khiết.Không chỉ thế, Vương Nguyên còn là nghệ sĩ Trung Quốc đầu tiên được Diễn đàn thanh niên Liên Hợp Quốc mời và cũng là thần tượng thiếu niên đầu tiên của Trung Quốc bước lên sân khấu thế giới của Liên Hợp Quốc. Với những thành tích như vậy, Vương Nguyên được coi là 1 trong những thần tượng mẫu mực nhất, tấm gương cho giới trẻ Trung Quốc noi theo. Tuy nhiên, bỗng dưng trong nửa năm trở lại đây, dường như Vương Nguyên đã mắc khá nhiều sai lầm không đáng có.Được coi là tấm gương mẫu mực cho thế hệ trẻ Trung Quốc nhưng Vương Nguyên đã mắc phải nhiều sai lầm.Tháng 12/2018, Vương Nguyên và Ngụy Đại Huân đã bị phát hiện trèo qua hàng rào để băng qua đường cái. Kể cả với người bình thường thì đây cũng là 1 hành vi nguy hiểm, thiếu văn minh và trái với luật giao thông nữa là với 1 người nổi tiếng như Vương Nguyên. Tuy nhiên, sau đó, Vương Nguyên đã đăng tải bài viết xin lỗi trên Weibo nên cũng không gây ra nhiều sóng gió. Có người cho biết lúc đón nam ca sĩ vì né tránh người đi theo chụp ảnh nên mới bất đắc dĩ vượt qua hàng rào tuy nhiên, tới nay, thông tin này vẫn chưa được xác thực. Vụ việc này cũng bị mọi người nhanh chóng lãng quên.Vương Nguyên bị phát hiện trèo qua hàng rào chắn giữa đường.Đến tháng 1/2019, khi đang biểu diễn bài hát ""Will You"" tại sự kiện, Vương Nguyên lại 1 lần nữa mắc lỗi. Ban đầu, cậu trình diễn rất tốt nhưng đến đoạn âm cao ở cuối, Vương Nguyên đã bất ngờ không thể hát được. Dĩ nhiên, đây chỉ là 1 lỗi thông thường khi ca sỹ biểu diễn nhưng điều đáng nói là thay vì tìm cách cứu chữa hoặc tiếp tục biểu diễn thì anh chàng lại cười ầm lên và ngồi xổm xuống, tự cổ vũ mình cố lên. Trong khi người hâm mộ của Vương Nguyên còn khen ngợi cậu bé dễ thương, hát thật thì không ít người cho rằng đối với 1 ca sĩ, hành động này thật thiếu chuyên nghiệp, nhất là khi Vương Nguyên đã vào nghề nhiều năm.Vương Nguyên mắc lỗi thiếu chuyên nghiệp trên sân khấu.Đối với sự cố này, Vương Nguyên cũng đã lên tiếng phản hồi nhưng lại không thể hiện sự xin lỗi rõ ràng: ""Hôm nay xin thề ở nơi này, lần sau ca hát mà lại lỡ miệng thì tôi sẽ… đáng yêu"". Dù thế, công chúng cũng dễ dàng cho qua việc này với suy nghĩ: ""Dù sao cũng là 1 đứa trẻ, mắc lỗi là điều khó tránh khỏi, lần sau nhớ kỹ là được"". Tuy nhiên, chỉ mấy tháng sau, Vương Nguyên lại 1 lần nữa mắc sai lầm trên sân khấu.Lời xin lỗi thiếu rõ ràng của thành viên TFBoysTiếp theo, khi  bị netizen ""tế sống"" trên mọi mặt trận khi khạc nhổ trên biển thì Vương Nguyên cũng dính nghi vấn tương tự. Dường như lúc đó thành viên TFBoys đang bị say sóng nhưng không thể phủ nhận việc cậu định quay mặt ra phía biển và định nôn ra. Tuy nhiên, người hâm mộ Vương Nguyên lại hết lòng bênh vực thần tượng rằng cậu chỉ nôn khan chứ không hề có ""sản phẩm"" nào gây ô nhiễm môi trường.Dương Siêu Việt nhận mưa gạch đá khi khạc nhổ bừa bãi.Vương Nguyên cũng có hành động tương tự.Tuy nhiên, trong khi Dương Siêu Việt bị mắng ""như tát nước vào mặt"" thì Vương Nguyên lại được bênh vực hết mực.Ngày 12/5 là ngày kỷ niệm trận động đất Tứ Xuyên kinh hoàng của Trung Quốc. Trong ngày này, các nghệ sĩ Cbiz đã chia sẻ lại thông tin và lên tiếng kêu gọi sự ủng hộ cho các nạn nhân. Vào ngày hôm đó, Vương Nguyên cũng đã chia sẻ lại Weibo của Nhật Báo Nhân Dân (tờ báo chính phủ lớn của Trung Quốc) nhưng lại chia sẻ 1 bản tin với nội dung hoàn toàn khác biệt. Sau 4 phút, Vương Nguyên đã xoá bỏ bài viết sai lầm và chia sẻ thông tin chính xác. Tuy nhiên, hành động này của Vương Nguyên đã khiến netizen không hài lòng. Họ cho rằng hành động của cậu chỉ là làm cho có lệ, ""làm màu"", giả dối, không có thành ý. Chuyện này đã xuất hiện trên top tìm kiếm Weibo và được thảo luận trong 1 thời gian dài nhưng sau đó cũng bị ""loãng"" đi bởi quá nhiều những thông tin giải trí khác.Vương Nguyên mắc lỗi nghiêm trọng khi chia sẻ sai thông tin trong ngày quan trọng.Tối ngày 20/5, Vương Nguyên lại lần nữa khiến dư luận phải xôn xao khi đi liên hoan cùng Dương Siêu Việt, Giả Nãi Lượng và hút thuốc trong nhà ăn. Hành động này của cậu đã trái với ""Điều lệ khống chế hút thuốc lá của thành phố Bắc Kinh"". Là 1 nhân vật nổi tiếng, hành vi của Vương Nguyên đã mang lại những ảnh hưởng trái chiều. Ngay sau đó, Hiệp hội chống hút thuốc Bắc Kinh đã đưa ra lời phê bình và hy vọng Vương Nguyên có thể xin lỗi và tiếp nhận xử phạt. Lực lượng công an cũng đã có mặt tại nhà hàng nơi Vương Nguyên hút thuốc để kiểm tra và đưa ra án phạt.Trước tình hình này, Vương Nguyên đã lên tiếng xin lỗi vì đã tạo ra tấm gương xấu, gây ảnh hưởng không tốt với xã hội, xin gánh vác trách nhiệm và tiếp nhận xử phạt, mong mọi người không noi theo.Cảnh Vương Nguyên ""nhả khói"" 1 cách điêu luyện trong nhà ăn khi ngồi cạnh Dương Siêu Việt và Giả Nãi Lượng.Cơ quan chức năng đã tới nhà hàng xác thực và xử phạtVương Nguyên đã lên tiếng xin lỗi về việc nàyĐiều này cho thấy rằng những lời xin lỗi chân thành kia không phải do Vương Nguyên viết mà ekip của cậu đã chi tiền để ""quan hệ xã hội"", cụ thể là kênh truyền thông Sina trên Weibo. Hơn nữa, chính Vương Nguyên đã từng tuyên bố rằng mình có thói quen không dùng dấu chấm. Tuy nhiên, trong bài đăng xin lỗi này, dấu chấm câu đã được sử dụng khiến cho netizen không khỏi hoài nghi về tác giả thật sự của bài viết. Bài xin lỗi với hình ảnh có ""dấu ấn"" của Sina đã khiến cho netizen phải hoang mang.Ngoài ra, netizen cũng phát hiện khi tham gia phỏng vấn, Vương Nguyên từng bày tỏ hy vọng cha mình sẽ bỏ thuốc lá vì hút thuốc không tốt cho sức khỏe. Tuy nhiên, hiện tại, chẳng những không khuyên được cha mình mà Vương Nguyên lại ""giẫm vào vết xe đổ"".Vương Nguyên từng cho biết muốn khuyên cha mình bỏ thuốc vì thuốc lá có hại cho sức khỏe.Trớ trêu thay, bạn thân, đồng thời cũng là đồng đội của Vương Nguyên, Dịch Dương Thiên Tỉ đang là Đại sứ chống hút thuốc.Có lẽ, rất nhiều người hâm mộ vẫn chưa nhận ra rằng, Vương Nguyên đã không còn là 1 đứa trẻ nữa mà đã là 1 người trưởng thành. Việc bước vào giới giải trí từ quá sớm khiến cho cậu phải chịu nhiều áp lực so với bạn cùng trang lứa, cũng phải đối mặt với càng nhiều cám dỗ. Có lẽ người hâm mộ Vương Nguyên nên nghiêm khắc hơn để tránh thần tượng của mình đi lệch hướng.Nguồn: iFeng, Weibo"
20190522113341725,http://kenh14.vn//hom-truoc-thi-khong-mac-noi-y-gio-ngoc-trinh-lai-nhu-dang-mac-do-lot-quan-khan-tam-di-du-tiec-20190522113341725.chn,"Hôm trước thì không mặc nội y, giờ Ngọc Trinh lại như đang mặc đồ lót quấn khăn tắm đi dự tiệc?",2019-05-22T11:49:00,"Không kém gì bộ váy đen hở bạo lần trước, trang phục lần này của Ngọc Trinh cũng ""hack não"" thực sự.","Thời trang của Ngọc Trinh luôn là một ẩn số khó giải...Mới hôm trước, cô còn ""chơi lớn"" và khiến truyền thông xôn xao vì không thèm mặc nội y khi diện chiếc váy khoét trên xẻ dưới đi dự LHP Cannes thì tối qua, ""nữ hoàng nội y"" lại tiếp tục hack não dân tình vì một chiếc váy cũng khó đoán không kém.Bạn có thể chọn nhiều mục. Bình chọn của bạn sẽ được công khai."
20190522120616272,http://kenh14.vn//ba-tan-vlog-kiem-12000-usd-thang-tren-youtube-loi-don-co-that-hay-chi-la-chem-gio-20190522120616272.chn,"Bà Tân Vlog kiếm 12.000 USD/tháng trên YouTube: Lời đồn có thật hay chỉ ""chém gió""?",2019-05-22T12:06:00,Tin tức về lợi nhuận của Bà Tân Vlog trên YouTube đang khiến cư dân mạng giật nảy mình vì con số khổng lồ được nhắc tới.,"Thành tích của bà Tân rất đáng ngưỡng mộ đối với nhiều người làm YouTube.Chính vì những ngưỡng đạt khổng lồ đó, một tin tức nóng hổi không kém mới đây đã xuất hiện và được lan truyền bởi một bộ phận cư dân mạng: Kênh YouTube của bà Tân kiếm được 12.000 USD/tháng. Liệu điều này có đang thật sự xảy ra hay không, và nếu có thì lý do nào khiến bà Tân kiếm được nhiều tiền tới vậy?Vì sao chuyện này lại không xảy ra? Rất đơn giản, , cho nên việc kiếm tiền mặc định theo chương trình làm đối tác với YouTube là bất khả thi.Lý do cho việc một kênh thành công tới vậy chưa được bật kiếm tiền chưa thể xác định được, cần phụ thuộc vào nhiều yếu tố. Chẳng hạn, kênh của bà Tân chưa đạt đủ điều kiện để được YouTube xem xét cho phép tham gia hợp tác; nội dung làm video của bà Tân chưa phù hợp với các nhãn hàng đặt quảng cáo; hoặc thậm chí, bà Tân có thể... không thích bật kiếm tiền cũng là một trường hợp.Kiếm tiền trên YouTube chưa bao giờ là dễ.Dù thế nào đi chăng nữa, tựu chung lại, con số 12.000 USD/tháng trên vẫn chỉ là một lời đồn đoán vô căn cứ tính tới thời điểm hiện tại. Thế nhưng, trong tương lai thì lại khác, nhất là khi kênh Bà Tân Vlog có thể bật kiếm tiền và tham gia hợp tác cùng YouTube.Hiện tại, YouTube có 2 hình thức phổ biến nhất để tính toán lợi nhuận quảng cáo cho các kênh đối tác: CPM và CPCTheo tổng hợp từ nhiều thống kê, tại Việt Nam, CPM thường rơi ở khoảng 0,5-0,9 USD và CPC xoay quanh mức 0,03 USD. Kể cả khi chịu xem quảng cáo, không phải ai cũng có hứng thú mà click để xem sản phẩm trong đó. Theo ước tính, tỷ lệ click vào quảng cáo chỉ khoảng 2-5%. Với những công thức như vậy, nếu được YouTube cấp phép hợp tác kiếm tiền, ngày nào cũng may mắn gặp nhiều người xem thuận tình và click nhiều, . Mỗi tuần mỗi tháng đều đều ra video, con số 12.000 USD như lời đồn là hoàn toàn có thể. "
20190522121045803,http://kenh14.vn//dang-luan-chinh-thuc-quay-lai-voi-ban-gai-cu-angela-baby-duong-tu-chi-la-binh-phong-20190522121045803.chn,"Đặng Luân chính thức quay lại với bạn gái cũ, Angela Baby - Dương Tử chỉ là bình phong?",2019-05-22T12:12:09,"Về nghi vấn quay lại với Đặng Luân, Kim Thần đã đưa ra câu trả lời bất ngờ.","Nóng nhất nhì tài khoản Weibo hiện tại chính là nghi vấn  - chàng ""Húc Phượng"" của ""Hương Mật Tựa Khói Sương"" đã quay lại với người bạn gái cũ . Nhiều bằng chứng cho thấy cả hai cùng nhau tới Milan du lịch, trên Weibo, Kim Thần cũng chia sẻ hình ảnh 2 bàn tay nắm lấy nhau cùng lời nhắn úp mở.Kim Thần từng chia sẻ đến Milan du lịch vào ngày 20/2Đặng Luân vào ngày 24/2 cũng chia sẻ hình ảnh tham quan danh thắng tương tựVào ngày 31/3, Kim Thần chia sẻ hình ảnh tay trong tay với 1 nhân vật cùng dòng nhắn ỡm ờ: ""Được rồi, em tha thứ cho anh""Trở lại năm 2016, khi Đặng Luân và Kim Thần bị paparazzi bắt gặp hẹn hò, cả hai không đưa ra được bất cứ phản hồi nào. Loạt hình ảnh hẹn hò của 2 người gây xôn xao MXH thời điểm đó vì quá đỗi ngọt ngào. Tuy nhiên, chỉ sau chưa đầy 1 năm, cả hai chia tay trong lặng lẽ. Từng có tin đồn cả hai tái hợp, tuy nhiên Đặng Luân lên tiếng phản hồi: ""Cả đời này cũng không thể"".Những hình ảnh hẹn hò của cả 2 thuở còn mặn nồngVới loạt bằng chứng mới này, cánh phóng viên nhanh chóng liên lạc với cả 2 nghệ sĩ tuy nhiên phía Kim Thần phủ nhận thông tin này. Trước đó, Đặng Luân từng vướng tin đồn làm kẻ thứ 3 khiến  ngoại tình, ly hôn với Huỳnh Hiểu Minh. Thậm chí, với sự thành công của ""Hương Mật Tựa Khói Sương"" và những cử chỉ dành cho nhau, nhiều người ""ship"" mạnh cặp đôi  - Đặng Luân.Nguồn: iFeng"
20190522125321584,http://kenh14.vn//thay-hoc-sinh-dung-sung-nuoc-ban-nhau-ngay-be-giang-thay-hieu-pho-mang-han-voi-cuu-hoa-ra-phun-nuoc-chong-lai-toan-truong-20190522125321584.chn,"Thấy học sinh dùng súng nước bắn nhau ngày bế giảng, thầy hiệu phó mang hẳn vòi cứu hoả ra phun nước chống lại toàn trường!",2019-05-22T13:04:00,Những hình ảnh đáng yêu này lại một lần nữa chứng minh cho câu nói: Thầy cô trường người ta chẳng bao giờ khiến mình thất vọng cả!,"Thế nhưng, ""nghía"" qua những hình ảnh về thầy cô ban giám hiệu trường người ta dưới đây mà ai cũng phải trầm trồ ""sao lại đáng yêu đến thế!"". Bài đăng trong group và trên một fanpage Facebook dù chỉ cách 1 giờ trước nhưng đã nhanh chóng nhận được hàng chục nghìn lượt reactions cùng hàng trăm lượt tương tác từ cộng đồng mạng. Hình ảnh thầy hiệu phó dùng vòi xịt cứu hỏa để ""quẩy"" cùng học sinh trong lễ bế giảng của một trường nhanh chóng nhận được sự quan tâm rất lớn từ cộng đồng mạng.Được biết, thầy giáo dễ thương trong ảnh chính là hiệu phó trường THPT Thủ Đức (phường Bình Thọ, quận Thủ Đức, TP.HCM), cũng là nơi diễn ra buổi lễ bế giảng độc đáo trong những bức hình. Sau loạt ảnh, thầy cũng được các bạn học sinh gọi vui là ""anh lính cứu hỏa học đường"" dễ thương nhất năm! Đây chính là chân dung thầy hiệu phó đáng yêu của trường THPT Thủ Đức!Dưới phần bình luận, rất nhiều bạn bày tỏ sự thích thú cũng như ngưỡng mộ đối với thầy hiệu phó và ngôi trường này: - : -  - : - : - : - : - : Hòa mình vào chơi đùa cùng học sinh như không có bất kỳ khoảng cách nào!Bây giờ hãy cùng ngắm nhìn thêm những hình ảnh dễ thương khác của các bạn ấy nhé! "
2019052214321385,http://kenh14.vn//nu-minh-tinh-xu-han-len-tham-do-cannes-jeon-ji-hyun-va-me-kim-tan-gay-choang-ngop-nhung-sao-nhi-nay-moi-dang-ne-2019052214321385.chn,"Nữ minh tinh xứ Hàn lên thảm đỏ Cannes: Jeon Ji Hyun và ""mẹ Kim Tan"" gây choáng ngợp, nhưng sao nhí này mới đáng nể",2019-05-22T14:32:16,"Đây đều là những sao nữ xứ Hàn may mắn được bước chân lên thảm đỏ Cannes theo lời mời hay thậm chí là so tài với bạn bè quốc tế. Jeon Ji Hyun, Jessica, ""mẹ Kim Tan""... tất cả đều gây ấn tượng mạnh tại thị trường quốc tế.","Người ""nuốt trọn"" spotlight vì nhan sắc cùng thần thái ngút ngàn, kẻ gây tranh cãi vì chơi trội hay thái độ khác thường. Sao nữ lên thảm đỏ Cannes đều là những gương mặt nổi trội nhưng có lẽ tất cả đều không khiến công chúng nể phục bằng một sao nhí ở cuối danh sách này.Từng tham gia nhiều tác phẩm điện ảnh xuất sắc, chính vì vậy ""mợ chảnh"" Jeon Ji Hyun đã trở thành một trong những diễn viên nữ may mắn được tham dự Cannes. Và mỗi lần xuất hiện là một lần nữ minh tinh này khiến công chúng thẫn thờ vì quá đẹp, thần thái đỉnh caoSải bước trên thảm đỏ Cannes 2014, Jeon Ji Hyun đứng đó thôi mà khiến người hâm mộ nao lòng vì khí chất của một nữ minh tinh. Không cần quá cầu kỳ, nhan sắc của ""mợ chảnh"" vốn đã là điểm nhấn quan trọng nhất để cô gây ấn tượng với truyền thông nước ngoàiTrước đó vào năm 2011, Jeon Ji Hyun từng gây bão gò bồng đảo bỏng mắt trên thảm đỏ Cannes. Bộ váy tuy hơi rườm rà song lại giúp mỹ nhân này khoe trọn đường cong cơ thể đáng ngưỡng mộNăm 2014, Kim Sung Ryung đã khiến truyền thông và người hâm mộ xứ Hàn xôn xao khi tham dự LHP Cannes. Dù đã bước sang tuổi 47 vào thời điểm đó, ""mẹ Kim Tan"" vẫn chiếm trọn spotlight, gây được sự chú ý lớn với truyền thông quốc tế nhờ màn xuất hiện nóng bỏngDiện bộ đầm đen đơn giản, nhưng Kim Sung Ryung đã khiến khán giả choáng ngợp với body nóng bỏng cùng thần thái như bà hoàng thảm đỏNhững nếp nhăn trên gương mặt Kim Sung Ryung lúc đó cũng không thể che mờ được đường nét xinh đẹp cùng thần thái sang trọng của nữ minh tinh nàyTuy không sở hữu nhan sắc cực phẩm như các nữ diễn viên khác song ""Ảnh hậu Cannes"" Jeon Do Yeon luôn được săn đón nhiệt tình trên thảm đỏ Cannes nhờ thần thái và nét đẹp quyến rũ và cực ""đàn bà"". Tất nhiên nữ hoàng phim nóng cũng không thể quên khoe đôi gò bồng đảo sexy trên thảm đỏ với bộ cánh xẻ sâu táo bạoJeon Do Yeon là mỹ nhân duy nhất có khả năng gây chú ý với thần thái và nét quyến rũ độc nhất. Tất nhiên, khả năng diễn xuất thiên phú cùng gương mặt ấn tượng của cô mới mà yếu tố cốt lõi giúp cô được ưu ái đến vậy khi đặt chân đến CannesXuất hiện trên thảm đỏ Cannes năm nay, nữ hoàng phim 18+ Jo Yeo Jung cũng gây ấn tượng không kém các mỹ nhân khác và đặc biệt được truyền thông nước nhà quan tâm. Nữ diễn viên nhanh chóng trở thành tâm điểm giữa dàn sao Hàn đình đám với body quyến rũ, nụ cười cực duyên mặc dù lộ không ít tì vết trên khuôn mặtNói đến nhân vật xứ Hàn gây chú ý trên thảm đỏ Cannes thì không thể không nhắc tới ""nữ hoàng băng giá"" Jessica. Cô nàng bắt đầu xuất hiện tại Cannes từ năm ngoái với vai trò khách mời và đại diện cho hãng trang sức cao cấp. Tất nhiên, Jessica cũng không bỏ qua cơ hội được tỏa sáng trên thảm đỏ danh giá và chọn trang phục đầm công chúa bống bềnh trải dàiTuy nhiên, Jessica đã bị bóc mẽ nhan sắc tuột dốc vào năm ngoái vì ống kính chân thực của nhiếp ảnh gia quốc tếĐể lấy lại phong độ, Jessica tiếp tục chơi trội với bộ đầm trắng phau, bồng bềnh và khủng đến mức chiếm trọn cả một vùng thảm đỏ Cannes 2019Năm nay, cựu thành viên SNSD thật sự gây ấn tượng với sắc vóc và trang phục xuất sắcTháng 5 năm ngoái, nữ diễn viên ""mặt khó ở"" Jun Jong Seo đã cùng Yoo Ah In và Steven Yeun đi thảm đỏ Cannes. 3 đại diện xứ Hàn đến để đem tác phẩm ""Burning"" tranh tài cùng bạn bè quốc tế. Tuy nhiên trái với mong đợi, bộ 3 này lại bị netizen Hàn ""ném đá"" thậm tệ vì xuất hiện cùng nhau, tươi rói như không có chuyện gì xảy ra. Trước đó, cả 3 nhân vật này đều dính phải lùm xùm thái độ gây tranh cãiYoo Ah In bị chỉ trích vì dù tuyên bố với báo chí về tình trạng bệnh tật và không thể nhập ngũ, kể cả là với tư cách lính cần vụ công ích như Lee Min Ho. Ấy vậy mà người ta vẫn thấy Yoo Ah In đóng phim gian khổ, dự sự kiện, tươi rói đi thảm đỏ. Trong khi đó, nữ diễn viên sinh năm 1994 Jun Jong Seo lại bị chỉ trích thậm tệ vì có thái độ khó chịu, nhăn nhó với phóng viên và fan ở nước nhà nhưng lại cười vui vẻ tại CannesSao nhí Kim Sae Ron có lẽ chính là nhân vật gây ấn tượng nhất trong danh sách này. Nhờ diễn xuất thiên bẩm, Kim Sae Ron đã khiến công chúng xứ Hàn choáng váng khi đặt chân nhiều lần lên thảm đỏ Cannes. Mỗi lần dự thảm đỏ, sao nhí này đều được phóng viên nước ngoài và nước nhà vô cùng ưu ái, chụp lại nhiều khoảnh khắc. Năm 2014, Kim Sae Ron lột xác với hình tượng nữ tính, ánh nhìn hút hồnDiện bộ đầm trắng khá giản dị, Kim Sae Ron lại chiếm spotlight giữa dàn minh tinh, tài tử vì thần thái và chiều cao vượt trội từ khi còn là một cô béKim Sae Ron lọt vào tầm ngắm của các nhiếp ảnh gia nước ngoài vì gương mặt xinh xắn, đúng chuẩn châu Á"
20190522144403381,http://kenh14.vn//soc-voi-canh-tuong-con-sot-lai-sau-khi-nguoi-dan-san-do-giam-gia-50-nhan-dip-chuoi-sieu-thi-auchan-cua-phap-roi-khoi-viet-nam-20190522144403381.chn,Sốc với cảnh tượng còn sót lại sau khi người dân săn đồ giảm giá nhân dịp chuỗi siêu thị Auchan rời Việt Nam,2019-05-22T15:18:00,"Sau khi ra thông báo ngừng hoạt động, chuỗi siêu thị Auchan bắt đầu chương trình xả hàng với mức giảm giá hấp dẫn. Để có được món hàng giá hời, rất đông khách hàng đã ồ ạt kéo tới, tạo nên cảnh tượng đông đúc, hỗn loạn tại một số siêu thị.","Ngày 20/05, hệ thống siêu thị Auchan đã ra thông báo sẽ đóng cửa hàng loạt siêu thị tại Việt Nam. Theo đó, từ ngày 03/06, 15 siêu thị thuộc chuỗi bán lẻ này sẽ ngừng hoạt động, hệ thống sẽ chỉ giữ lại 3 siêu thị ở TP HCM (2 ở Quận 7, 1 ở quận Tân Bình). Nguyên nhân là do mảng kinh doanh này vẫn đang thua lỗ.Thông báo ""chào tạm biệt"" của Auchan (Ảnh: Hoàng Linh).Trong thời gian trước khi ngừng hoạt động, hệ thống 15 siêu thị của Auchan bắt đầu chương trình xả hàng, mua 1 tặng một hoặc giảm giá 25-30% toàn bộ hàng hóa. Sự kiện này lập tức thu hút rất đông khách hàng kéo tới nhằm săn hàng giá rẻ, tạo nên cảnh tượng đông đúc nhốn nháo tại một số siêu thị.Trưa 22/05, trên MXH xuất hiện một số hình ảnh được ghi nhận tại siêu thị Auchan ở TP Tây Ninh, tỉnh Tây Ninh cho thấy không khí thậm chí đã trở lên hỗn loạn bởi đám đông khách hàng chen lấn, xô đẩy cùng hàng loạt những hành động thiếu văn minh khác.Một số khách hàng thiếu ý thức khiến khu vực quầy hàng bừa bộn, hàng hóa bị vứt khắp mọi nơi (Ảnh: Cao Lĩnh).Nhiều người còn uống luôn chai nước khi chưa thanh toán, gặm táo rồi vứt lại trên giá hàng hay để cho con chơi với hàng hóa (Ảnh: Cao Lĩnh).Bạn Cao Lĩnh, chủ nhân những hình ảnh nói trên chia sẻ thêm: Cùng ngày, cảnh tượng đông đúc cũng được cho là tình trạng chung tại Auchan Trường Sơn (Quận 10, TP.HCM). Để có thể gom được thật nhiều hàng giá hời, một số khách hàng còn xé thùng mì tôm, đồ gói mì ra để lấy thùng các-tông đựng hàng.Cư dân mạng bức xúc với hành vi thiếu ý thức của một số khách hàng.Trong khi đó, tại siêu thị Auchan Kim Văn Kim Lũ (Hoàng Mai, Hà Nội), khi có thông báo siêu thị đóng cửa, nhiều người dân đã xếp hàng từ 7h sáng nay (22/5) để chờ mua hàng giảm giá.Quầy thanh toán tại đây luôn trong tình trạng quá tải (Ảnh: Hoàng Linh).Theo chia sẻ từ cư dân mạng, tình trạng hỗn loạn cũng xảy ở hầu hết các siêu thị Auchan còn lại khiến nhiều người bức xúc.., bạn K. P. bình luận., bạn A. Y. bình luận.Hệ thống Auchan Việt Nam trực thuộc tập đoàn bán lẻ Auchan hàng đầu tại Pháp. Tập đoàn Auchan đã có mặt tại hơn 16 quốc gia trên toàn thế giới.Trên trang Facebook của mình, Auchan tự giới thiệu siêu thị này phục vụ khách hàng với hơn 20.000 mặt hàng. Đặc biệt, có đến 80% sản phẩm xuất xứ Việt Nam thuộc 5 ngành hàng thực phẩm tươi sống, thực phẩm công nghệ, hóa mỹ phẩm, đồ dùng, may mặc và nhiều ngành hàng khác.Cho tới khi thông báo đóng cửa, Auchan vào Việt Nam được 4 năm, tính đến nay, chuỗi này có 1.000 nhân viên và 10 tỷ lượt khách mua hàng tại Việt Nam. Trước Auchan, thị trường bán lẻ tại Việt Nam thời gian qua cũng đã chứng kiến rất nhiều doanh nghiệp rút lui như Shop&Go bán lại cho Vingroup, Jardine Matheson Group cũng đóng cửa siêu thị Giant."
20190522164156912,http://kenh14.vn//nhan-vien-resort-ke-ve-loi-song-ky-quac-cua-nhom-nghi-can-giet-nguoi-roi-do-be-tong-20190522164156912.chn,Nhân viên resort kể về lối sống kỳ quặc của nhóm nghi can giết người rồi đổ bê tông,2019-05-22T17:00:00,"Trong thời gian thuê căn villa tại đây, nhóm người là nghi can trong vụ thi thể bị đổ bê tông ở Bình Dương không cho nhân viên dọn dẹp phòng.","Ngày 22-5, Cơ quan điều tra Công an huyện Xuyên Mộc (tỉnh Bà Rịa-Vũng Tàu) đã tới một khu resort tại xã Bình Châu, huyện Xuyên Mộc để xác minh các đối tượng liên quan đến vụ 2 thi thể bị đổ bê tông tại huyện Bàu Bàng (tỉnh Bình Dương) có khai báo việc đến khu du lịch này để lưu trú trong thời gian xảy ra vụ án. Đây là nơi được cho rằng nạn nhân Trần Đức Linh (50 tuổi, ngụ Nghệ An) rơi từ lầu 1 xuống đất tử vong.Quá trình xác minh, nhân viên phụ trách việc rà soát sổ theo dõi lưu trú của cơ sở xác nhận có một người xưng tên Hiệp đặt phòng qua điện thoại.Quá trình đăng ký căn villa thể hiện có Lê Ngọc Phương Thảo (SN 1990) có lưu trú 3 lần. Lần đầu, từ ngày 27-12-2018 đến 1-1-2019. Lần 2, từ ngày 15-1 đến 20-1-2019. Lần 3 từ ngày 21-1-2019 đến 23-1-2019. Tất cả các ngày lưu trú nhóm người trên đều ở tại căn V5.Theo nhân viên ở đây thì căn V5 có thể ở được 8 người. Cơ sở không thể quản lý được hết khách vì cổng khu biệt thự luôn mở và khách có thể vào ở chung. Khách thuê căn V5 đi xe ôtô màu bạc biển số 51A-718.30.Căn villa mà nhóm nghi can thuê trong một khu du lịch ở Bà Rịa-Vũng TàuTrong thời gian lưu trú, nhóm người này yêu cầu nhân viên không được dọn dẹp mà để tự khách dọn. Khi muốn thay ga trải giường thì nhân viên chỉ để ở bên ngoài cửa không được vào phòng. Chỉ có một người nếu cần giao dịch thì liên hệ đó là người phụ nữ dáng người ốm, mặc áo lam của nhà chùa.Nhân viên bảo vệ khu resort cũng cho hay mỗi ngày ở đây có rất nhiều khách ra vào, bảo vệ chỉ kiểm tra tài sản trong villa khi khách trả tiền ra về. ""Đoàn khách này khi vào thuê căn V5 thì có 5 người. Trong thời gian lưu trú ở đây có thuê xe máy của một nhân viên bảo vệ để đi ra ngoài mua thức ăn và lần cuối cùng là trả phòng vào lúc 5 giờ sáng"" - một nhân viên bảo vệ nói.Đặc biệt, theo đại diện khu resort, nếu nghi can nói có người té từ trên lầu xuống tử vong là không có cơ sở bởi sàn nhà chỉ cao cách mặt đất 2,4 m. ""Villa xây theo kiểu thái nên sàn trên tầng rất thấp"" - đại diện khu resort.Cùng ngày, Cơ quan CSĐT Công an tỉnh Bình Dương, cho biết qua điều tra nhóm nghi can giết người gồm Phạm Thị Thiên Hà (31 tuổi), Trịnh Thị Hồng Hoa (66 tuổi, cùng ngụ quận Tân Phú, TP Hồ Chí Minh), Lê Ngọc Phương Thảo (29 tuổi, ngụ Tiền Giang), Nguyễn Ngọc Tâm Huyên (40 tuổi, ngụ quận Gò Vấp, TP HCM).Liên quan đến vụ án này, do yêu cầu điều tra nên đến thời điểm này, Công an tỉnh Bình Dương mới tiết lộ danh tính thật của nghi can thứ 4 là Nguyễn Ngọc Tâm Huyên (không phải Lê Phú Hạnh, 54 tuổi, ngụ TP Thủ Dầu Một, Bình Dương như trước đây)."
20190522114839272,http://kenh14.vn//trung-quoc-phat-hien-co-so-lam-gia-hon-7000-lo-kem-chong-nang-anessa-nhieu-shop-viet-nam-ban-chi-bang-1-10-gia-goc-20190522114839272.chn,"Trung Quốc phát hiện cơ sở làm giả hơn 7.000 lọ kem chống nắng Anessa, nhiều shop Việt Nam bán chỉ bằng 1/10 giá gốc",2019-05-22T14:40:00,Cơ sở sản xuất kem chống nắng giả vừa bị cảnh sát Trung Quốc triệt phá gây xôn xao dư luận.,"Mùa hè đến cũng là lúc các chị em thi nhau dùng kem chống nắng để bảo vệ da. Tuy nhiên trên thị trường hiện nay, nhiều loại kem chống nắng đang bị làm giả tinh vi. Mới đây nhất, cảnh sát tỉnh Quảng Châu (Trung Quốc) vừa phát hiện một cơ sở chuyên sản xuất kem chống nắng giả với thành phẩm không khác gì hàng xịn mà người thường sẽ khó phân biệt.Được biết vào chiều ngày 17/4, cảnh sát Quảng Châu đã triệt phá cơ sở chuyên sản xuất kem chống nắng Anessa giả tại khu công nghiệp Xia Mao, quận Baiyun. Cảnh sát đã bắt giữ 9 nghi phạm và thu giữ một số lượng lớn nguyên liệu giả. Bề ngoài đây là một phân xưởng sản xuất hình thường đã được đăng ký giấy phép kinh doanh giả.Cơ sở sản xuất kem chống nắng giả vừa bị cảnh sát phát hiệnMôi trường làm việc sơ sài, tạm bợ, không có biện pháp đảm bảo vệ sinh. Theo quy trình, ban đầu từ chai nhựa trắng, công nhân sẽ đổ hỗn hợp sữa chống nắng giả, cho thêm viên bi. Sau đó đóng nắp chai, dùng máy in phun thông tin lên thân chai, và đóng gói chai vào túi. Theo ước tính chỉ mất khoảng 6 tệ (20.000VNĐ) để sản xuất lọ kem chống nắng được bán với giá từ 400.000 - 500.000 VNĐ.Tình trạng làm việc thiếu vệ sinhChai kem chống nắng giả thành phẩm được đánh giá là không khác gì hàng thật, rất khó phân biệt. Kem không có khả năng chống nắng và có thể khiến da bị kích ứng. Tại hiện trường, cảnh sát đã thu giữ 7.350 sản phẩm thành phẩm, 4.800 chai rỗng và một số vật liệu liên quan. Giá trị liên quan ước tính khoảng hơn 2 triệu NDT ~ 7 tỷ đồng.Thành quả kem chống nắng giả được đánh giá là tinh xảo không kém gì hàng thậtTrên thực tế, không chỉ ở Trung Quốc, tại Việt Nam kem chống nắng Anessa cũng được bày bán rất nhiều và phổ biến. Dạo một vòng quanh các trang mạng xã hội hay các trang mua sắm trực tuyến bạn có thể thấy nhiều người rao bán loại kem chống nắng này với mức giá vô cùng rẻ mặt, thậm chí chỉ bằng 1/5 đến 1/10 so với giá chính hãng.Loại kem chống nắng này có giá chính hãng là 625.000 VNĐ cho chai 60ml, nhưng được nhiều người bán với mức giá rẻ hơn nhiều lầnThậm chí còn có cả giá sỉ chỉ bằng một nửa giá gốcNguồn: Sina, Iqiyi"
20190522160450303,http://kenh14.vn//hoac-kien-hoa-phat-hien-lam-tam-nhu-tung-co-1-doi-chong-dung-dung-noi-gian-doi-ly-hon-20190522160450303.chn,"Hoắc Kiến Hoa phát hiện Lâm Tâm Như từng có 1 đời chồng, đùng đùng nổi giận đòi ly hôn?",2019-05-22T16:50:30,Trang QQ đã đưa ra lời khẳng định thông tin liên quan đến Hoắc Kiến Hoa và Lâm Tâm Như.,"Trang QQ đưa tin, cách đây không lâu, truyền thông Hong Kong bất ngờ tiết lộ thông tin gây sốc:  phát hiện  từng có 1 đời chồng trước khi cưới anh. Không thể chấp nhận sự thật này, nam diễn viên đùng đùng nổi giận, quyết định ly hôn với vợ.Nguồn tin cho biết thêm, Lâm Tâm Như thực chất cưới Hoắc Kiến Hoa là ""thêm 1 lần đò"". Trước khi hẹn hò với Hoắc Kiến Hoa, nữ diễn viên đã có một cuộc hôn nhân kéo dài trong 1 thời gian ngắn. Chồng cũ của Lâm Tâm Như là một đại gia ngoài làng giải trí. Vì không thể chịu nổi cuộc sống bận rộn của vợ, hai người ""gần ít xa nhiều"", cũng không thể chịu nổi Lâm Tâm Như đóng cảnh giường chiếu, ôm hôn người khác, chính vì vậy vị đại gia quyết định ly hôn.Chính vì lý do đó, trong cuộc hôn nhân thứ 2, Lâm Tâm Như quyết định chọn nghệ sĩ trong giới giải trí như Hoắc Kiến Hoa làm chồng, hy vọng cả hai có thể cùng nhau chung sống hạnh phúc. Không thể ngờ rằng, Hoắc Kiến Hoa biết chuyện Lâm Tâm Như từng kết hôn liền cảm thấy vô cùng tức giận. Anh cảm thấy Lâm Tâm Như lừa dối chính mình, sau đó quyết định ly hôn.Thông tin này khiến netizen xứ Trung xôn xao bàn tán, bởi vụ việc quá sức đột ngột, cũng như trong giới chưa bao giờ nghe tới việc Lâm Tâm Như từng kết hôn.Tuy vậy, trang QQ lại đưa ra nhận định, đây thực chất chỉ là tin đồn trong giới. Hoắc Kiến Hoa và Lâm Tâm Như vẫn là 1 trong những cặp đôi ngọt ngào nhất nhì làng giải trí. Nam tài tử gần đây bị chê bai phát tướng như ông chú trung niên song Lâm Tâm Như cũng đã đứng ra bảo vệ chồng và cho biết ông xã béo lên là để phù hợp với vai diễn mới trong phim, chứng minh tình cảm ngọt ngào của cả hai. QQ khẳng định thêm, thông tin ""Lâm Tâm Như đã ly hôn một đời chồng"" chỉ là tin đồn ác ý, mong rằng netizen không tuyên truyền, chia sẻ nhiều trên MXH.Nguồn: QQ"
20190522180114616,http://kenh14.vn//lai-tha-rong-dao-pho-nhung-sao-lan-nay-sulli-duoc-khen-ngoi-het-loi-the-nay-20190522180114616.chn,"Lại thả rông dạo phố, sao lần này Sulli vừa được khen hết lời vừa leo lên top trend thế này?",2019-05-22T18:01:17,"Hình ảnh mới của Sulli khiến người hâm mộ phải bật lên lời khen: ""Sao mà xinh thế này?"".","Nhan sắc của Sulli khiến fan nao lòng, lấn át cả vòng 1 thả rông của cô nàng(Hình ảnh đã được làm mờ)Khoảnh khắc Sulli dạo phố thôi mà gây sốt vì quá xinhThường xuyên ""thả rông"", Sulli bị chỉ trích không ít lần nhưng cô nàng vẫn tự do, thoải mái ăn mặc theo kiểu mình thích mà không cần để ý đến ý kiến của công chúngNguồn: Instagram, Naver"
20190522114249209,http://kenh14.vn//buc-hinh-nay-dang-gay-bao-mang-khi-cho-thay-bo-mat-dang-so-it-nguoi-biet-ve-loai-soc-hien-lanh-20190522114249209.chn,Bức hình này đang gây bão mạng khi cho thấy bộ mặt đáng sợ ít người biết về loài sóc hiền lành,2019-05-22T20:30:49,"Sóc nổi tiếng hiền lành, ai mà nghĩ chúng gặm cả đầu rắn như thế chứ? Và bật mí thêm cho bạn, cái xác rắn ấy còn bị ăn gần hết nữa cơ.","Nếu trông thấy trận chiến giữa một con sóc và một con rắn, bạn nghĩ bên nào sẽ thắng? Có lẽ, đa số sẽ chẳng ai đặt cược cho sóc cả. Tương quan chênh lệch đã quá rõ ràng khi rắn là loài săn mồi đáng sợ, còn sóc thì nổi tiếng hiền lành, chỉ ăn quả, hạt thôi.Nhưng có vẻ tất cả đã nhầm, ít nhất là theo như tấm hình đang được cư dân mạng chia sẻ dữ dội gần đây, về cảnh một con sóc đang cầm đầu rắn mà gặm như ăn kem.Được biết, tấm ảnh này được chụp vào năm 2009 bởi William Leggett - kiểm lâm Công viên quốc gia núi Guadalupe phía Tây Texas. Đừng nghĩ đây là một cảnh được dàn dựng, bởi Leggett có chụp thêm vài tấm về những gì diễn ra kế tiếp. Con sóc sau đó đã ăn gần như toàn bộ cái xác rắn nó có được.Dù đã được chụp khá lâu, mới đây Cục công viên quốc gia Hoa Kỳ (NPS) đã cho đăng lại tấm hình lên mạng xã hội, và nhanh chóng nhận được sự quan tâm của cộng đồng mạng. Theo như lời dẫn từ bài đăng, con sóc chỉ để lại độ 5cm thân rắn mà thôi.Có thể nhiều người sẽ cảm thấy lạ, nhưng với giới khoa học thì đây là hiện tượng hết sức bình thường. Thực tế đúng là sóc không hề hiền lành như chúng ta tưởng.- Leggett chia sẻ với HuffPost.Ngoài ra, mối quan hệ giữa sóc và rắn cũng ""dây mơ rễ má"" nhiều hơn chúng ta tưởng. Thậm chí, có cả một video về cảnh sóc và rắn đánh nhau, với phần thắng nghiêng về phía kẻ yếu nữa kia.Trận chiến cho thấy loài sóc có thể không hiền như bạn tưởng
"
20190522181122569,http://kenh14.vn//song-gio-tiep-tuc-cang-thang-angela-baby-huynh-hieu-minh-bat-dau-phan-chia-tai-san-sau-ly-hon-20190522181122569.chn,"Sóng gió tiếp tục căng thẳng, Angela Baby - Huỳnh Hiểu Minh bắt đầu phân chia tài sản sau ly hôn?",2019-05-22T20:34:56,Nhiều netizen cảm thấy hoang mang trước những thông tin trái chiều về cặp đôi Angela Baby - Huỳnh Hiểu Minh.,"Những ngày qua, netizen xứ Trung cảm thấy được củng cố niềm tin về cuộc hôn nhân của  và . Baby đã dành nhiều lời khen ẩn ý dành cho ông xã họ Huỳnh trong các chương trình truyền hình, sự kiện tuyên truyền.Vậy nhưng, ngày hôm nay, 1 blogger bất ngờ chia sẻ thông tin cặp vợ chồng quyền lực bắt đầu phân chia tài sản và tìm luật sư. Xuất thân là 1 người mẫu trong giới giải trí, mọi thành tựu hiện tại của Angela Baby đều ""dính"" liền với Huỳnh Hiểu Minh. Vậy nhưng hiện tại trong làng giải trí, Angela Baby đang thắng thế trước ông xã vì rất nhiều người bạn tốt của Huỳnh Hiểu Minh đều đứng về phía cô.Nguồn tin râm ran gây hoang mang trong giới ngày hôm nayThông tin này vẫn khiến nhiều người nghi ngờ, bởi Trác Vỹ từng phủ nhận chuyện hai vợ chồng gặp trục trặc tình cảm. Trước đó có tin đồn cho hay, Huỳnh Hiểu Minh ngoại tình với Cổ Lực Na Trát, còn Angela Baby có ""gian tình"" với Đặng Luân. Thời điểm scandal ngoại tình của Trương Đan Phong và trợ lý Tất Huỳnh nổ ra, nguồn tin trong giới râm ran rằng, thực chất Angela Baby đã chi 1 khoản tiền lớn để ""bịt miệng"" Trác Vỹ, thay thế tin của Baby bằng tin của Đặng Luân, bởi trước đó Trác Vỹ định khui 2 vợ chồng quyền lực này.Angela Baby được cho là có gian tình với Đặng LuânKhông lẽ chỉ sau 4 năm làm đám cưới, cặp đôi chính thức đường ai nấy đi?Nguồn: QQ"
20190522220135928,http://kenh14.vn//nhung-chuyen-tinh-vuot-nha-dai-hot-nhat-showbiz-thai-rac-roi-nhu-phim-mario-maurer-khong-an-tuong-bang-cap-dau-20190522220135928.chn,"Những chuyện tình vượt nhà đài hot nhất showbiz Thái: Rắc rối như phim, Mario Maurer không ấn tượng bằng cặp đầu",2019-05-22T22:01:38,"Weir-Bella, Ken-Esther, Baifern-Top… đều là những cặp đôi showbiz Thái yêu khác đài và nhận được sự chú ý lớn của người hâm mộ xứ chùa vàng.","Thái Lan có nhiều đài truyền hình nổi tiếng như CH3, CH7, One HD… và những nhà đài này đều là ""đối thủ không đội trời chung"" với nhau. Chính vì vậy, nhiều cặp đôi nổi tiếng xứ chùa vàng chẳng may yêu nhau nhưng lại ở hai chiến tuyến đối nghịch nhau đều phải vô cùng thận trọng trong chuyện tình cảm của mình. Có cặp đôi showbiz Thái quyết định giấu giếm chán chê mới chịu công khai và cũng có đôi dũng cảm công khai nhưng cuối cùng lại chia tay trong thầm lặng.Chuyện tình cảm của cặp đôi Weir Sukollawat - Bella Ranee được ví như ""chuyện tình Romeo và Juliet"" giữa đời thực, bởi lẽ họ làm việc cho hai đài truyền hình quyền lực nhất nhì Thái Lan (CH3 và CH7) nhưng vốn là đối thủ ""không đội trời chung"" của nhau từ lâu.Weir - Bella dính tin đồn hẹn hò vào năm 2014 sau khi loạt ảnh đi chơi cùng nhau của cặp đôi bị rỏ rỉ trên các mặt báo nổi tiếng Thái Lan. Được biết, cả hai quen biết nhau qua sự giới thiệu của một người bạn và ngay lập tức, Weir đã bị nhà đài CH7 nhắc nhở. Chưa dừng lại ở đó, fan của cả hai ngôi sao đình đám cũng ra sức phản đối chuyện tình này bởi lúc đó, thuyền Jiranee (tên viết tắt của cặp đôi James Jirayu và Bella) đang được người hâm mộ khắp nơi chèo nhiệt tình.Vấp phải sự phản đối ""không trượt phát nào"" từ nhiều phía, Weir - Bella quyết định duy trì mối quan hệ trong bí mật và chỉ âm thầm ủng hộ, giúp đỡ lẫn nhau. Lần xuất hiện công khai đầu tiên của cả hai có lẽ là khi nam tài tử sinh năm 1985 đến chúc mừng bạn gái trong lễ tốt nghiệp của cô. Cho đến bây giờ, Weir - Bella đã thoải mái và cởi mở hơn trong việc công khai mối quan hệ tình cảm của mình.Lần xuất hiện công khai đầu tiên của cả hai là khi nam tài tử sinh năm 1985 đến chúc mừng Bella trong lễ tốt nghiệp của cô.""Cặp đôi Romeo và Juliet"" của Tbiz giờ đây đã rất thoải mái, tình tứ cùng nhau xuất hiện trước công chúngCả hai hiện là cặp đôi đình đám nhất nhì xứ Thái, xứng đôi về cả ngoại hình lẫn danh tiếngĐược biết, Ken và Esther quen nhau từ khi còn cả hai đều là diễn viên dưới quyền quản lí của đài CH3. Tuy nhiên khi đó, họ chỉ là những người đồng nghiệp bình thường. Vào năm 2015, Esther dứt áo ra đi khỏi mái nhà CH3 để trở thành diễn viên tự do và sự nghiệp của mỹ nhân sinh năm 1994 cũng ""lên như diều gặp gió"". Với sự hợp tác ăn ý trong nhiều tác phẩm đóng cung mà Esther từng bị đồn hẹn hò cùng đàn anh điển trai Sean Jindachot. Tuy vậy, cả hai nhân vật chính đều chưa một lần lên tiếng chính thức về mối quan hệ này.Đến giữa năm 2016, những hình ảnh hẹn hò của Ken-Esther bị phát tán rộng rãi trên mạng xã hội. Ngay lập tức, cả hai đã lên tiếng xác định mối quan hệ và trở thành một cặp gà bông đáng yêu đến tận bây giờ. Ngoài ra, cặp đôi này còn cùng nhau kinh doanh một nhà hàng và thường xuyên hẹn hò mỗi khi có thời gian rảnh rỗi.Từng ở chung dưới một ""mái nhà"" nhưng mãi đến khi Esther rời CH3, cặp đôi mới bắt đầu hẹn hòKen và Esther không ngại công khai những bức ảnh"" tình bể tình"" như thế này lên trang cá nhân và chuyện tình cảm của cả hai cũng nhận được sự ủng hộ từ gia đình hai bênMario Maurer là nam tài tử điển trai và nổi tiếng khắp châu Á qua nhiều tác phẩm đình đám như ""A little thing called love"", ""Tình người duyên ma"" hay mới đây nhất là ""Thầy lang trúng mánh"". Về chuyện tình cảm, nam thần này đã chia tay với Gukkik - mối tình đầu 10 năm của mình và sau một khoảng thời gian dài, tin đồn Mario và cô nàng ca sĩ Junji Junpitakchai hẹn hò xuất hiện trên khắp các tờ báo nổi tiếng của Thái. Vậy nhưng, cả hai đều quyết định im hơi lặng tiếng trước tin đồn này.Vì Mario là một trong những nam chính hot nhất của đài CH3, còn Junji chỉ là cô ca sĩ trẻ không mấy tên tuổi thuộc Công ty giải trí tiếng tăm Workpoint của Thái nên mối quan hệ của cả hai không nhận được sự ủng hộ từ người hâm mộ. Xét về cả ngoại hình và danh tiếng, Junji đều bị coi là chưa xứng đáng với bạn trai. Tuy vậy, ở thời điểm hiện tại, tình cảm của cả hai vẫn hết sức tốt đẹp và nhiều fan cũng dần chuyển từ phản đối sang ủng hộ cặp đôi này.Ban đầu, rất nhiều fan của Mario đã phản đối nam thần này quen với Junji vì cô nàng không xứng với bạn trai về cả ngoại hình và danh tiếngTuy nhiên, theo thời gian, cặp đôi này vẫn bền bỉ bên nhau và dần được công chúng Thái đón nhậnTrước khi dứt áo ra đi ""solo"" và nổi tiếng như hiện tại, Baifern Pimchanok từng có khoảng thời gian làm việc tại đài CH7 nhưng không gặt hái được nhiều thành công. Cô và Top Jaran – nam diễn viên điển trai của đài CH3 từng hẹn hò và nhận được sự chú ý lớn của cư dân mạng.Được biết, tin đồn hẹn hò của Baifern và Top rộ lên trên mạng xã hội xứ chùa vàng từ năm 2014 nhưng phải đến giữa năm 2017, cả hai mới xác nhận. Có thể thấy, cả Baifern và Top đều khá kín tiếng trong chuyện tình cảm và hiếm khi chia sẻ những khoảnh khắc bên nhau với người hâm mộ. Tuy vậy, họ vẫn quan tâm, ủng hộ và yêu nhau trong thầm lặng.Bẵng đi một thời gian, vào đầu tháng 11 năm ngoái, sau nhiều suy đoán của người hâm mộ, nàng Gink của ""Friend Zone"" đã xác nhận chia tay Top Jaran với giới truyền thông xứ chùa vàng. ""Mối tình đầu xứ Thái"" cho biết, sau khi chia tay, cô và bạn trai chưa hề gặp mặt hay nói chuyện lại. Baifern cũng từ chối cho biết lý do khiến cả hai đường ai nấy đi, đồng thời khẳng định chuyện chấm dứt tình cảm với Top hoàn toàn không liên quan đến người thứ ba.Tuy chẳng mấy khi công khai xuất hiện cùng nhau nhưng thuở còn mặn nồng, Baifern và bạn trai luôn có những màn tương tác lãng mạn như thế này trên trang cá nhânCả hai nhau chia tay trong thầm lặng và mãi đến tháng 11 năm ngoái, Baifern mới chính thức thừa nhận chuyện này với truyền thông xứ chùa vàngThậm chí, có tin đồn cho rằng chuyện Baifern và Top chia tay là người thứ ba – Hot boy của ""Tuổi nổi loạn"" March Chutavuth PattarakampolTuy nhiên, Baifern đã ngay lập tức phủ nhận tin đồn trên và hiện tại cô nàng muốn tập trung vào sự nghiệp diễn xuất, chưa có ý định quen ai khácVill Wannarot là nữ diễn viên, người mẫu hoạt động dưới trướng hãng phim Exact nổi tiếng của Thái Lan nhưng hiện tại đã gia nhập One HD. Mỹ nhân xinh đẹp từng được các mọt phim Thái biết đến qua nhiều tác phẩm đình đám như ""Đêm định mệnh"", ""Bắt lấy thiên thần"", hay ""Bi kịch song sinh"". Vì hợp tác ăn ý và quá thân thiết ngoài đời nên nhiều người hâm mộ lầm tưởng Vill và nam thần điển trai Son Yuke là một đôi.Tuy nhiên, vào năm 2015, Vill Wannarot công khai hẹn hò nam diễn viên Nong Thana của đài CH3, đồng thời là em trai ruột của nam tài tử đình đám Boy Pakorn. Cả hai có 3 năm mặn nồng bên nhau và quyết định chia tay vào tháng 6/2018. Chính Nong là người đã đưa ra thông báo xác nhận việc anh cùng bạn gái ""đường ai nấy đi"".Vill Wannarot từng khiến trái tim các shipper Vill-Sorn tan nát khi công khai hẹn hò Nong Thana - em trai ruột của nam tài tử Boy Pakorn dù cả hai làm việc cho 2 nhà đài khác nhauTuy vậy, cặp đôi đã chia tay sau 3 năm gắn bóSau khi chia tay Nong, Vill vẫn không tiến đến với Sorn như mong ước của nhiều người mà hiện tại đang hẹn hò cùng Jes Jespipat - nam diễn viên của hãng Exact, GMM"
20190522131309537,http://kenh14.vn//cho-bts-mot-doi-dua-ho-co-the-gap-ca-the-gioi-den-cac-mon-tay-cung-khong-tha-20190522131309537.chn,"Cho BTS một đôi đũa, họ có thể gắp cả thế giới: đến các món Tây cũng ""không tha""",2019-05-22T22:41:00,"Nhiều fan nước ngoài khi nhìn thấy hình ảnh các chàng trai ngây thơ cầm đũa ăn pizza, mì Ý, hot dog… đã có một trận cười ""ra nước mắt"".","Đôi đũa có thể được xem như biểu tượng ẩm thực của nhiều quốc gia phương Đông và những đứa trẻ nằm trong khu vực những nước này đều lớn lên cùng những chiếc đũa. Trong khi bạn bè người phương Tây còn đang ""chật vật"" với hai cái que gỗ, kim loại gây bối rối hết sức thì trẻ con ba bốn tuổi của Việt Nam, Nhật, Trung, Hàn… đã biết thoăn thoắt gắp thịt, dẻ cá, lùa cơm rồi. Việc cầm đũa như thể nằm trong bản năng của chúng ta vậy, ấy thế nên có lẽ là chúng ta thường thoải mái hơn khi cầm trong tay ""hai cái que thần kì"" ấy.Nếu như bạn bè phương Tây thường gặp khó khăn trong việc dùng đũa và đôi khi phải dùng muỗng, nĩa để ăn các món châu Á thì dường như cũng có một bộ phận người châu Á cũng cảm thấy thoải mái hơn khi sử dụng dụng cụ ăn uống quen thuộc của mình. BTS, nhóm nhạc Kpop nổi tiếng toàn cầu cũng là một trong số đó. Hãy điểm danh những lần fan quốc tế phải ""cười ra nước mắt"" khi thấy các chàng trai BTS ăn món Tây bằng đũa nhé:Mì Ý là món ăn phương Tây nổi tiếng thế giới, và ta thường thấy đi kèm những đĩa Mỳ sốt kem, sốt cà chua là những chiếc nĩa. Khi ăn, người ta sẽ dùng nĩa xoắn những sợi mì một cách khéo léo và gọn ghẽ rồi cho vào miệng. Thế nhưng đối với BTS, các chàng trai vẫn… trung thành với đôi đũa thần thánh nhà mình.Ăn mì sốt kem bằng đũa, chỉ có thể là BTS.Hotdog là một món thức ăn nhanh Mỹ nổi tiếng, bao gồm bánh mì mềm kẹp với xúc xích, tương cà và mù tạt. Hotdog là món ăn cầm tay và không cần dùng cụ ăn uống, đó là sự thật cả vũ trụ đều biết… Trừ hội ""cuồng đũa"" BTS.Ăn như vầy nó mới... ""quý xờ tộc""  nha mấy đứa!Các fan của những chàng trai lại được dịp ""cười ra nước mắt"" khi Jin và Jimin lần lượt sử dụng đũa gắp… hotdog. Với tư cách là fan, người viết cũng xin… cạn lời.Pizza cũng là một món ăn nổi tiếng và dường như ai cũng có bản năng ăn Pizza bằng tay. Trước khi được phục vụ, thợ làm pizza sẽ cắt pizza ra thành từng miếng nhỏ, để thực khách có thể dễ dàng dùng tay cầm miếng pizza lên và ăn. Đôi khi, có một số người ăn pizza bằng dao và nĩa, nhưng cũng không phổ biến lắm và thậm chí còn bị xem như… ""làm màu"".BTS V ăn pizza bằng đũa trong show RUN rập 69.Song đấy là người ta chưa thấy cảnh BTS ăn pizza bằng… đũa. Do cả nhóm đã chọn một nhà hàng Hàn Quốc nên ai cũng được phát cho đôi đũa. Thế là dù pizza và đũa gần như là ""người dưng"" nhưng cũng có cơ hội ""bèo nước gặp nhau"" như thế này đây.Ăn bánh gato bằng đũa - một phong cách rất... Bangtan!Bạn có bao giờ nghĩ đến chuyện ăn bánh gato bằng đũa không? Đương nhiên không rồi, người bình thường chẳng ai nghĩ tới cả. Nhưng điều này không đúng với anh chàng ""4D"" V nhà BTS. Được biết đến với ""sóng não"" có tần số của… người ngoài hành tinh, V khiến tập thể fan phải dở khóc dở cười khi dùng đũa ăn bánh kem sinh nhật trong show thực tế Bromance Trip."
20190522225750006,http://kenh14.vn//gan-20-bac-si-mo-bat-con-cho-nguoi-me-dung-cam-bi-ung-thu-vu-giai-doan-cuoi-van-muon-giu-va-sinh-con-20190522225750006.chn,Gần 20 bác sĩ mổ bắt con cho người mẹ dũng cảm bị ung thư vú giai đoạn cuối vẫn muốn giữ và sinh con,2019-05-22T23:24:50,"Ngày 22/5, các bác sĩ bệnh viện K, bệnh viện Phụ sản Trung ương đã phối hợp thành công mổ bắt con cho trường hợp sản Nguyễn Thị Liên 28 tuổi, quê tại huyện Lý Nhân, tỉnh Hà Nam.","Theo thông tin từ các bác sĩ, khi sản phụ Liên nhập viện, ngày 22/05, thai nhi ở tuần thứ 31, các bác sĩ nhận thấy sức chịu đựng của người mẹ đã đến giới hạn, nguy hiểm đến tính mạng của cả mẹ và con nên đã phối hợp với Bệnh viện Phụ sản Trung ương sang hỗ trợ mổ sinh.Sản phụ cùng người mẹ tại bệnh việnChia sẻ với PV, PGS.TS Trần Danh Cường, Giám đốc Bệnh viện Phụ sản trung ương người trực tiếp thực hiện ca sinh hi hữu này cho hay:Trong suốt quá trình điều trị cũng như mổ lấy thai, các bác sĩ hai bệnh viện thường xuyên trao đổi thông tin để lựa chọn biện pháp điều trị tối ưu nhất cho bệnh nhân. Trong mổ, thai phụ không thể nằm nên các bác sĩ phải mổ cho cô ở tư thế ngồi – đây là tư thế khó để thực hiện mổ sinh, bệnh nhân suy yếu nên các thao tác mổ phải đảm bảo nhanh, chính xác.Các bác sĩ đang phối hợp nhịp nhàng để mổ bắt con cho trường hợp đặc biệtTS.BS Nguyễn Tiến Đức, Trưởng khoa Hồi sức cấp cứu Bệnh viện K cho biết, bệnh nhân vào viện khi thai được 22 tuần, tình trạng sức khỏe yếu, suy hô hấp khó thở, tràn dịch màng phổi. Sau khi gia đình thống nhất ý kiến quyết tâm giữ con thì bệnh viện đã hội chẩn liên bệnh viện với các chuyên gia của Bệnh viện 103, Bệnh viện Phụ sản Trung ương thống nhất cố gắng duy trì em bé ở trong bụng mẹ được ngày nào tốt ngày ấy.Khi mổ, ekip cũng không thể gây mê vì có thể bệnh nhân không tỉnh lại được, vì thế chỉ gây tê tủy sống, trong khi mổ bệnh nhân gần như tỉnh táo. Ca mổ diễn ra hết sức căng thẳng, vẫn có thể có nguy cơ mất cả mẹ lẫn con.Ngay lập tức, bé được các bác sĩ chuyên ngành sơ sinh tiếp nhận cấp cứu đưa vào lồng ấp và chuyển sang Bệnh viện Phụ sản Trung ương.Theo người nhà bệnh nhân, khi thai được 8 tuần, thấy xuất hiện u cục ở vú nhưng chị Liên chỉ nghĩ đó là dấu hiệu của viêm tuyến sữa thông thường như bao người phụ nữ trong thời kỳ mang bầu nên chủ quan không thăm khám.Đến khi kèm triệu chứng ho nhiều, ho cả ngày, cơ thể mệt mỏi, tức vùng ngực nhiều hơn, hạch xuất hiện ở vai, 2 chân phù, đau nhức thì chị Liên mới đến bệnh viện K để khám.Ca mổ bắt conBé Đỗ Bình An được đưa về Trung tâm sơ sinh Bệnh viện Phụ sản TWKết quả ung thư vú giai đoạn tiến triển (giai đoạn 4) đã di căn như sét đánh ngang tai, phá vỡ mọi hi vọng của người mẹ đang mang trong mình sinh linh bé bỏng mới ở tháng thứ 4 của thai kỳ.Bác sĩ bệnh viện K đã phối hợp cùng bác sĩ chuyên khoa sản tư vấn sức khỏe ung bướu và thai kỳ để bệnh nhân Liên và gia đình cân nhắc lựa chọn để quá trình điều trị bệnh hiệu quả hơn.Tuy nhiên, chị Liên quyết giữ lại thai nhi, đến ngày 22/5 em bé Đỗ Bình An đã chào đời nặng 1,5kg trong sự yêu thương vô bờ của người mẹ và tất cả y bác sĩ – những người đồng hành cùng mẹ con em những ngày vừa qua."
2019052218204085,http://kenh14.vn//dan-my-nam-ve-nha-di-con-tu-tan-binh-10x-so-huu-nu-cuoi-toa-nang-den-body-cuc-pham-chuan-nhu-tac-tuong-2019052218204085.chn,"Dàn mỹ nam ""Về nhà đi con"": Từ tân binh 10x sở hữu nụ cười toả nắng đến body cực phẩm chuẩn như tạc tượng",2019-05-22T23:52:00,"Bộ phim ""Về nhà đi con"" thu hút sự chú ý của khán giả không chỉ bởi nội dung hấp dẫn mà cả dàn nam chính cực điển trai.","Diễn viên Quang Anh đang nhận được nhiều tình cảm của khán giả truyền hình khi tham gia bộ phim ""Về nhà đi con"". Ít ai biết, Quang Anh sinh năm 2000 và bắt đầu tham gia phim từ năm lớp 3 trong các dự án phim như: Chiều ngang qua phố cũ, Giọt nước mắt muộn màng, Ông tơ hai phẩy, sitcom Gia đình 4.0, sitcom Sắc màu phái đẹp... Hiện tại, Quang Anh đang theo học Khoa Quản lý Văn hóa chuyên ngành thanh nhạc của trường Đại học Văn hóa Nghệ thuật Quân đội.Quang Anh không có vẻ ngoài cơ bắp cuồn cuộn nhưng điểm nổi bật là gương mặt thư sinh, nụ cười toả nắng. Nhiều khán giả ""crush"" Quang Anh ngay từ những phân cảnh đầu tiên chàng diễn viên 10x này xuất hiện.Vẻ thư sinh của Quang Anh - diễn viên phim ""Về nhà đi con"".Anh chàng 10x sở hữu vẻ ngoài khá khiêm tốn nhưng khiến ""hội chị em"" mê mệt bởi sự đáng yêu của mình.Quang Anh đang theo học Khoa Quản lý Văn hóa chuyên ngành thanh nhạc của trường Đại học Văn hóa Nghệ thuật Quân đội.Nam diễn viên Quốc Trường đã thể hiện rất thành công vai Vũ - chàng thiếu gia điển trai, giàu có nhưng cũng rất đểu giả và lắm trò. Vẻ lãng tử lại có chút cool ngầu đúng chuẩn ""trai hư"" của Vũ làm khán giả ""ngứa mắt"" nhưng không thể phủ nhận, nhiều người cũng ""đổ"" Vũ đứ đừ ấy chứ!Quốc Trường sinh năm 1988, ở Cần Thơ, là một người mẫu kiêm diễn viên. Năm 2011, Quốc Trường cũng đã gây tiếng vang với một vai diễn chính ở trong một bộ phim đoạt giải Mai Vàng là “Quyền lực tình yêu”. Sau đó, thừa thằng xông lên, Quốc Trường liên tiếp nhận lời vào vai nam diễn viên chính của rất nhiều bộ phim như: “Cung đường tội lỗi”, “Chuyện tình rừng ngập mặn”, “Ngày hôm qua”, hay “Vàng”, “Oan nghiệt” và “Vườn yêu”,…Trước ""Về nhà đi con"", Quốc Trường từng tham gia một phim truyền hình khác là ""Gạo nếp gạo tẻ"".Cận cảnh vẻ điển trai của diễn viên Quốc Trường.Ngoài đời, Quốc Trường còn rất giỏi kinh doanh. Ít ai biết được anh chàng là người sáng lập kiêm giám đốc Marketing cho một thương hiệu mỳ cay có hơn 100 cửa hàng trên toàn quốc. Anh chàng cũng khiến nhiều người ghen tỵ khi khoe căn nhà biệt thự rộng hơn 700m2 có giá 25 tỷ đồng ở quê nhà Cần Thơ.Quốc Trường cũng phủ nhận việc và Rich Kid và được gia đình nâng đỡ vì anh chàng cho biết, từ nhỏ mình đã là người tự lập vì gia đình khá khó khăn. Nam diễn viên từng trải qua nhiều công việc chân tay, những ngày đầu đi diễn cũng phải gửi tiền về cho bố mẹ trả nợ rồi sửa sang nhà cửa. Không cần làm thiếu gia như Vũ ở trong phim, Quốc Trường chính là đại gia luôn rồi.Nam diễn viên sở hữu body 6 múi và khả năng kinh doanh đáng nể.Hoàng Anh Vũ hay ""Trung dũng sĩ"" là cái tên không còn xa lạ với giới trẻ Việt. Anh chàng được giới trẻ biết đến từ khi tham gia diễn xuất trong sitcom ""5S Online"" và mới đây nhất là trai để trong ""Về nhà đi con"". Nam diễn viên được xem là hot boy đời đầu trong dàn hot teen của giới trẻ Hà Thành, sở hữu gương mặt nam tính, hút hồn và phong cách trẻ trung, hiện đại. Không chỉ có tài năng diễn xuất, Hoàng Anh Vũ còn là một chàng ca sĩ có giọng hát ấm áp. Vẻ ngoài điển trai của diễn viên Anh Vũ.Hoàng Anh Vũ và vợ cũ tổ chức đám cưới hoành tráng năm 2014 trong sự ngỡ ngàng của nhiều người hâm mộ vì trước đó, anh rất ít khi chia sẻ về chuyện đời tư. Tại đám cưới, cặp đôi cũng công khai chuyện đã lên chức bố mẹ của một cậu con trai 3 tuổi. Thông tin này từng là đề tài được giới trẻ lúc bấy giờ bàn tán suốt thời gian dài. Sau đám cưới, Anh Vũ cũng ít khi xuất hiện cùng vợ tại các sự kiện giải trí. Mới đây, nam diễn viên chia sẻ việc anh và vợ cũ đã ""đường ai nấy đi"" được 3 năm, con trai anh hiện ở cùng mẹ.Anh chàng dành nhiều thời gian cho việc rèn luyện hình thể.Nhờ đó, diễn viên Anh Vũ có body cực chuẩn."
20190522121016975,http://kenh14.vn//xet-nghiem-adn-chang-trai-bat-ngo-phat-hien-minh-mang-dong-doi-quy-toc-va-thua-ke-trang-vien-hon-1400-ty-20190522121016975.chn,"Xét nghiệm ADN, chàng trai bất ngờ phát hiện mình mang dòng dõi quý tộc và thừa kế trang viên gần 1.500 tỷ",2019-05-22T12:24:00,"""Mọi người đều nói tôi thật may mắn, nhưng tôi chỉ ước giá như bố còn sống mà thôi"" - người con trai triệu phú bày tỏ.","Anh Jordan Adlard Rogers, 31 tuổi, vốn là một nhân viên công tác xã hội với công việc vất vả, luôn nhiệt tình chăm sóc cho những ai cần giúp đỡ.Anh Jordan vốn là nhân viên công tác xã hộiJordan cho biết bản thân đã nghi ngờ ông Charles có thể là cha đẻ của mình từ năm 8 tuổi. Khi lớn lên, ngoại hình của Jordan giống bố thời niên thiếu một cách đáng kinh ngạc. Nhưng chỉ đến cuối năm ngoái, sau biết bao nỗ lực, anh mới có thể kiểm chứng mọi chuyện thông qua mẫu xét nghiệm ADN từ 2 phía. Jordan hiện giờ (trái) và bố Charles của anh lúc còn trẻGia đình Rogers đã sống trong khu bất động sản Penrose rộng 1.536 mẫu, ước tính trị giá 50 triệu bảng Anh (khoảng 1.478 tỷ đồng) thuộc 2 thị trấn Helston và Porthleven, hạt Cornwall suốt nhiều thế hệ qua. Gia đình nhỏ của JordanDù bỗng dưng trở thành triệu phú, Jordan cho biết sẽ không quên những công việc ý nghĩa mà mình từng làm. Anh dự kiến sẽ dùng một khoản tiền thừa kế để lập quỹ từ thiện.. Anh nói vậy là do ông Charles đã trải qua 40 năm nghiện ngập trước khi qua đời trong ô tô vì sốc thuốc. Khu biệt thự từ thế kỉ 17 với sân vườn bạt ngàn có giá trị khoảng 50 triệu bảng Anh (theo The Sun)."
